id,operator,machine,part_number,job,ideal_units_per_hour,ideal_cycle_time_seconds,start_date,end_date,active,notes,created_by,created_at,updated_by,updated_at,cavity_count,entry_mode,machine_cycle_time,run_mode_id
1,Any,600T Comp,4228564,56128,396.00000093500006,9.090909069444443,2026-02-03,,1,Hardcoded Seed Data,,2026-02-04 00:03:25.713941,,2026-02-04 00:03:25.714318,1,seconds,,1
2,Any,600T Comp,4348325,56440,1440.0,2.5,2026-02-03,,1,Hardcoded Seed Data,,2026-02-04 00:03:25.715005,,2026-02-04 00:03:25.715247,1,seconds,,1
3,Any,600T Comp,3751510,56547,324.3243243243243,11.1,2026-02-03,,1,Hardcoded Seed Data,,2026-02-04 00:03:25.715656,,2026-02-04 00:03:25.715843,1,seconds,,1
4,Any,600T Comp,2860332,57463 / 6193,200.00000092592592,17.999999916666667,2026-02-03,,1,Hardcoded Seed Data,,2026-02-04 00:03:25.716255,,2026-02-04 00:03:25.716467,1,seconds,,1
5,Any,INJ 31,CP5100-060,SO# 51730 / 51730,30.681819053460767,117.33333,2026-02-03,,1,Hardcoded Seed Data,,2026-02-04 00:03:25.716800,,2026-02-04 00:03:25.716999,1,seconds,,1
6,Any,500T,23620238,SO# 517300 / 517300,24.0,150.0,2026-02-03,,1,Hardcoded Seed Data,,2026-02-04 00:03:25.717341,,2026-02-04 00:03:25.717521,1,seconds,,1
7,Any,Inj28,60374000,SO# 52022 / 52022,12.0,300.0,2026-02-03,,1,Hardcoded Seed Data,,2026-02-04 00:03:25.717789,,2026-02-04 00:03:25.717936,1,seconds,,1
8,Any,500T,23898854,SO# 52025 / 52025,660.0000550000046,5.4545449999999995,2026-02-03,,1,Hardcoded Seed Data,,2026-02-04 00:03:25.718199,,2026-02-04 00:03:25.718343,1,seconds,,1
9,Any,Unknown,SS-CK6117-070,SO# 52030 / 52030,240.0,15.0,2026-02-03,,1,Hardcoded Seed Data,,2026-02-04 00:03:25.718648,,2026-02-04 00:03:25.718797,1,seconds,,1
10,Any,500T,24366617,SO# 52035 / 52035,180.0,20.0,2026-02-03,,1,Hardcoded Seed Data,,2026-02-04 00:03:25.719065,,2026-02-04 00:03:25.719210,1,seconds,,1
11,Any,Injection,SS-CP5172-060,SO# 54045 / 54045,24.0,150.0,2026-02-03,,1,Hardcoded Seed Data,,2026-02-04 00:03:25.719467,,2026-02-04 00:03:25.719608,1,seconds,,1
12,Any,150T,9791-3,SO# 543590 / 543590,22.857142857142858,157.5,2026-02-03,,1,Hardcoded Seed Data,,2026-02-04 00:03:25.719883,,2026-02-04 00:03:25.720028,1,seconds,,1
13,Any,Inj29,11271-5,SO# 545080 / 545080,120.0,30.0,2026-02-03,,1,Hardcoded Seed Data,,2026-02-04 00:03:25.720286,,2026-02-04 00:03:25.720427,1,seconds,,1
14,Any,600T Comp,N801951S,SO# 54841 / 54841,214.28571428571428,16.8,2026-02-03,,1,Hardcoded Seed Data,,2026-02-04 00:03:25.720750,,2026-02-04 00:03:25.720895,1,seconds,,1
15,Any,600T Comp,52039187,SO# 55251 / 5994,300.0,12.0,2026-02-03,,1,Hardcoded Seed Data,,2026-02-04 00:03:25.721159,,2026-02-04 00:03:25.721301,1,seconds,,1
16,Any,600T Comp,006966-000,SO# 554720 / 554720,77.14285714285715,46.666666666666664,2026-02-03,,1,Hardcoded Seed Data,,2026-02-04 00:03:25.721554,,2026-02-04 00:03:25.721697,1,seconds,,1
17,Any,600T Comp,6729,SO# 554850 / 554850,100.0,36.0,2026-02-03,,1,Hardcoded Seed Data,,2026-02-04 00:03:25.721962,,2026-02-04 00:03:25.722105,1,seconds,,1
18,Any,400T,26118065,SO# 55731 / 55731,180.0,20.0,2026-02-03,,1,Hardcoded Seed Data,,2026-02-04 00:03:25.722372,,2026-02-04 00:03:25.722517,1,seconds,,1
19,Any,INJ18,04895412AC,SO# 558000 / 558000,160.0,22.5,2026-02-03,,1,Hardcoded Seed Data,,2026-02-04 00:03:25.722835,,2026-02-04 00:03:25.722978,1,seconds,,1
20,Any,600T Comp,10596,SO# 558690 / 558690,182.85714285714286,19.6875,2026-02-03,,1,Hardcoded Seed Data,,2026-02-04 00:03:25.723238,,2026-02-04 00:03:25.723383,1,seconds,,1
21,Any,Inj 18,9932-2,SO# 558880 / 558880,128.0,28.125,2026-02-03,,1,Hardcoded Seed Data,,2026-02-04 00:03:25.723643,,2026-02-04 00:03:25.723833,1,seconds,,1
22,Any,Inj 38,11459-2,SO# 559560 / 559560,36.00000900000225,99.999975,2026-02-03,,1,Hardcoded Seed Data,,2026-02-04 00:03:25.724155,,2026-02-04 00:03:25.724372,1,seconds,,1
23,Any,600T Comp,9094306,SO# 56448,26.25054688639347,137.14,2026-02-03,,1,Hardcoded Seed Data,,2026-02-04 00:03:25.724660,,2026-02-04 00:03:25.724808,1,seconds,,1
24,Any,400T,68622598AA,SO# 56488 / 56488,200.0,18.0,2026-02-03,,1,Hardcoded Seed Data,,2026-02-04 00:03:25.725069,,2026-02-04 00:03:25.725218,1,seconds,,1
25,Any,400T,13207-2,SO# 56488 / 56488,200.0,18.0,2026-02-03,,1,Hardcoded Seed Data,,2026-02-04 00:03:25.725477,,2026-02-04 00:03:25.725619,1,seconds,,1
26,Any,600T Comp,353355,SO# 56608 / 56608,288.0,12.5,2026-02-03,,1,Hardcoded Seed Data,,2026-02-04 00:03:25.726025,,2026-02-04 00:03:25.726367,1,seconds,,1
27,Any,600T Comp,386819S,SO# 57176/ 57176,675.3488372093024,5.330578512396694,2026-02-03,,1,Hardcoded Seed Data,,2026-02-04 00:03:25.727010,,2026-02-04 00:03:25.727329,1,seconds,,1
28,Any,600T Comp,4373728,SO# 57452/ 57452,645.859872611465,5.57396449704142,2026-02-03,,1,Hardcoded Seed Data,,2026-02-04 00:03:25.727765,,2026-02-04 00:03:25.727916,1,seconds,,1
29,Any,Inj 17 - 18,11105-9,SO# 575000 / 575000,40.0,90.0,2026-02-03,,1,Hardcoded Seed Data,,2026-02-04 00:03:25.728187,,2026-02-04 00:03:25.728338,1,seconds,,1
30,Any,Inj23,7712/20096800,SO# 575230 / 575230,138.0000345000086,26.08695,2026-02-03,,1,Hardcoded Seed Data,,2026-02-04 00:03:25.728606,,2026-02-04 00:03:25.728752,1,seconds,,1
31,Any,INJ,7712/20097201,SO# 576200 / 576200,1583.8680109990835,2.2729166666666667,2026-02-03,,1,Hardcoded Seed Data,,2026-02-04 00:03:25.729013,,2026-02-04 00:03:25.729155,1,seconds,,1
32,Any,CMP,10860-1,SO# 578940 / 578940,10751.283247783482,0.33484375,2026-02-03,,1,Hardcoded Seed Data,,2026-02-04 00:03:25.729423,,2026-02-04 00:03:25.729578,1,seconds,,1
33,Any,CMP,10873-1,SO# 578950 / 578950,249.001147358228,14.457764705882354,2026-02-03,,1,Hardcoded Seed Data,,2026-02-04 00:03:25.729881,,2026-02-04 00:03:25.730031,1,seconds,,1
34,Any,600T Comp,11636-2,SO# 579280 / 579280,35.1219512195122,102.5,2026-02-03,,1,Hardcoded Seed Data,,2026-02-04 00:03:25.730328,,2026-02-04 00:03:25.730491,1,seconds,,1
35,Any,500T,12987-72,SO# 579970 / 579970,288.0,12.5,2026-02-03,,1,Hardcoded Seed Data,,2026-02-04 00:03:25.730775,,2026-02-04 00:03:25.730917,1,seconds,,1
36,Any,Injection,SS-CK6017-060,SO# 580410 / 580410,30.0,120.0,2026-02-03,,1,Hardcoded Seed Data,,2026-02-04 00:03:25.731191,,2026-02-04 00:03:25.731459,1,seconds,,1
37,Any,Assembly,SS-CK6017-300,SO# 580420 / 580420,42.5000000014757,84.70588235,2026-02-03,,1,Hardcoded Seed Data,,2026-02-04 00:03:25.731875,,2026-02-04 00:03:25.732149,1,seconds,,1
38,Any,Inspection,21377-H98A0A,SO# 600670,187.5,19.2,2026-02-03,,1,Hardcoded Seed Data,,2026-02-04 00:03:25.732728,,2026-02-04 00:03:25.732962,1,seconds,,1
39,Any,Trim,A62-6082,SO# 610010 / 610010,187.5,19.2,2026-02-03,,1,Hardcoded Seed Data,,2026-02-04 00:03:25.733354,,2026-02-04 00:03:25.733682,1,seconds,,1
40,Any,ASY,A62-6082,SO# 610011 / 610011,0.0,0.0,2026-02-03,,1,Hardcoded Seed Data,,2026-02-04 00:03:25.734254,,2026-02-04 00:03:25.734456,1,seconds,,1
41,Any,Asy31,A85-2144-002,SO# 610031 / 610031,327.27272727272725,11.0,2026-02-03,,1,Hardcoded Seed Data,,2026-02-04 00:03:25.734767,,2026-02-04 00:03:25.735012,1,seconds,,1
42,Any,Asy31,A85-2144-003,SO# 610101 / 610101,327.27272727272725,11.0,2026-02-03,,1,Hardcoded Seed Data,,2026-02-04 00:03:25.735390,,2026-02-04 00:03:25.735543,1,seconds,,1
43,Any,Asy31,A85-2144-003R,SO# 610111 / 610111,327.27272727272725,11.0,2026-02-03,,1,Hardcoded Seed Data,,2026-02-04 00:03:25.735850,,2026-02-04 00:03:25.736091,1,seconds,,1
44,Any,Asy31,A85-2144-001,SO# 610121 / 610121,327.27272727272725,11.0,2026-02-03,,1,Hardcoded Seed Data,,2026-02-04 00:03:25.736353,,2026-02-04 00:03:25.736535,1,seconds,,1
45,Any,Asy31,A85-2144-001R,SO# 610131 / 610131,327.27272727272725,11.0,2026-02-03,,1,Hardcoded Seed Data,,2026-02-04 00:03:25.736794,,2026-02-04 00:03:25.736935,1,seconds,,1
46,Any,400T,A85-2142,SO# 610172 / 610172,137.14285714285714,26.25,2026-02-03,,1,Hardcoded Seed Data,,2026-02-04 00:03:25.737197,,2026-02-04 00:03:25.737347,1,seconds,,1
47,Any,400T,18-73837-000,SO# 610210 / 610210,36.000090000225,99.99975,2026-02-03,,1,Hardcoded Seed Data,,2026-02-04 00:03:25.737640,,2026-02-04 00:03:25.737782,1,seconds,,1
48,Any,Asy10,18-73837-000,SO# 610210 / 610210,450.0,8.0,2026-02-03,,1,Hardcoded Seed Data,,2026-02-04 00:03:25.738046,,2026-02-04 00:03:25.738187,1,seconds,,1
49,Any,400T,A85-2143,SO# 610220 / 610220,118.0327868852459,30.5,2026-02-03,,1,Hardcoded Seed Data,,2026-02-04 00:03:25.738439,,2026-02-04 00:03:25.738585,1,seconds,,1
50,Any,Asy09,01-35313-000,SO# 610260 / 610260,93.99477806788512,38.3,2026-02-03,,1,Hardcoded Seed Data,,2026-02-04 00:03:25.738846,,2026-02-04 00:03:25.738989,1,seconds,,1
51,Any,Asy09,01-35313-000,SO# 610260 / 610260,93.99477806788512,38.3,2026-02-03,,1,Hardcoded Seed Data,,2026-02-04 00:03:25.739488,,2026-02-04 00:03:25.739811,1,seconds,,1
52,Any,Asy09,01-35313-000,SO# 610261 / 610261,93.99477806788512,38.3,2026-02-03,,1,Hardcoded Seed Data,,2026-02-04 00:03:25.740469,,2026-02-04 00:03:25.740762,1,seconds,,1
53,Any,Asy09,01-35313-001,SO# 610270 / 610270,93.99477806788512,38.3,2026-02-03,,1,Hardcoded Seed Data,,2026-02-04 00:03:25.741229,,2026-02-04 00:03:25.741385,1,seconds,,1
54,Any,500T,23590935,SO# 610280 / 610280,99.00000371250013,36.363635,2026-02-03,,1,Hardcoded Seed Data,,2026-02-04 00:03:25.741665,,2026-02-04 00:03:25.741813,1,seconds,,1
55,Any,500T,23590943,SO# 610290,0.0,0.0,2026-02-03,,1,Hardcoded Seed Data,,2026-02-04 00:03:25.742093,,2026-02-04 00:03:25.742244,1,seconds,,1
56,Any,ASY13,23898854,SO# 610320 / 610320,54.961832061068705,65.5,2026-02-03,,1,Hardcoded Seed Data,,2026-02-04 00:03:25.742512,,2026-02-04 00:03:25.742657,1,seconds,,1
57,Any,Asy09,A62-1061-700,SO# 610350 / 610350,120.0,30.0,2026-02-03,,1,Hardcoded Seed Data,,2026-02-04 00:03:25.742924,,2026-02-04 00:03:25.743069,1,seconds,,1
58,Any,Asy 11,24366617,SO# 610360 / 610360,90.0,40.0,2026-02-03,,1,Hardcoded Seed Data,,2026-02-04 00:03:25.743328,,2026-02-04 00:03:25.743510,1,seconds,,1
59,Any,Unknown,24509739,SO# 610370 / 610370,120.0,30.0,2026-02-03,,1,Hardcoded Seed Data,,2026-02-04 00:03:25.743773,,2026-02-04 00:03:25.743931,1,seconds,,1
60,Any,500T,54034 7BA0A,SO# 610400 / 610400,96.0,37.5,2026-02-03,,1,Hardcoded Seed Data,,2026-02-04 00:03:25.744370,,2026-02-04 00:03:25.744529,1,seconds,,1
61,Any,500T,160300068,SO# 610410 / 610410,160.0,22.5,2026-02-03,,1,Hardcoded Seed Data,,2026-02-04 00:03:25.744789,,2026-02-04 00:03:25.744994,1,seconds,,1
62,Any,500T,160300283,SO# 610450 / 610450,160.0,22.5,2026-02-03,,1,Hardcoded Seed Data,,2026-02-04 00:03:25.745257,,2026-02-04 00:03:25.745399,1,seconds,,1
63,Any,ASY38,18-74797-000,SO# 610470 / 610470,60.0,60.0,2026-02-03,,1,Hardcoded Seed Data,,2026-02-04 00:03:25.745658,,2026-02-04 00:03:25.745827,1,seconds,,1
64,Any,Injection,54034,SO# 610590 / 610590,96.0,37.5,2026-02-03,,1,Hardcoded Seed Data,,2026-02-04 00:03:25.746160,,2026-02-04 00:03:25.746327,1,seconds,,1
65,Any,800T INJ,11286-15,SO# 612010/ 612010,426.6666666666667,8.4375,2026-02-03,,1,Hardcoded Seed Data,,2026-02-04 00:03:25.746652,,2026-02-04 00:03:25.746835,1,seconds,,1
66,Any,Asy03,68622598AA,SO# 617400 / 617400,20.0,180.0,2026-02-03,,1,Hardcoded Seed Data,,2026-02-04 00:03:25.747342,,2026-02-04 00:03:25.747588,1,seconds,,1
67,Any,Asy08,A62-1060-700,SO# 620040 / 620040,120.0,30.0,2026-02-03,,1,Hardcoded Seed Data,,2026-02-04 00:03:25.747996,,2026-02-04 00:03:25.748147,1,seconds,,1
68,Any,Asy 01,R62-6020M03,SO# 624110 / 624110,0.0,0.0,2026-02-03,,1,Hardcoded Seed Data,,2026-02-04 00:03:25.748511,,2026-02-04 00:03:25.748684,1,seconds,,1
69,Any,Asy 01,R62-6020M03,SO# 624111 / 624111,0.0,0.0,2026-02-03,,1,Hardcoded Seed Data,,2026-02-04 00:03:25.749040,,2026-02-04 00:03:25.749270,1,seconds,,1
70,Any,350T,15000896,SO# 641780 / 641780,156.00002925000547,23.07691875,2026-02-03,,1,Hardcoded Seed Data,,2026-02-04 00:03:25.749606,,2026-02-04 00:03:25.749759,1,seconds,,1
71,Any,600T Comp,121-002140,SO# 642000 / 642000,25.00003244361849,143.999813125,2026-02-03,,1,Hardcoded Seed Data,,2026-02-04 00:03:25.750021,,2026-02-04 00:03:25.750168,1,seconds,,1
72,Any,400T,13248,SO# 642380 / 642380,60.0,60.0,2026-02-03,,1,Hardcoded Seed Data,,2026-02-04 00:03:25.750420,,2026-02-04 00:03:25.750566,1,seconds,,1
73,Any,500T,TLB-13371-45,SO# 642410 / 642410,93.00042625195366,38.7095,2026-02-03,,1,Hardcoded Seed Data,,2026-02-04 00:03:25.750824,,2026-02-04 00:03:25.750970,1,seconds,,1
74,Any,600T Comp,11840-2A,SO# 642800/ 642800,64.0003179535796,56.24972055,2026-02-03,,1,Hardcoded Seed Data,,2026-02-04 00:03:25.751228,,2026-02-04 00:03:25.751370,1,seconds,,1
75,Any,ASY07,65381000,SO# 643740 / 643740,27.628549501151188,130.3,2026-02-03,,1,Hardcoded Seed Data,,2026-02-04 00:03:25.751626,,2026-02-04 00:03:25.751781,1,seconds,,1
76,Any,400T,S1206-EW040,SO# 644140 / 644140,66.20689655172414,54.375,2026-02-03,,1,Hardcoded Seed Data,,2026-02-04 00:03:25.752038,,2026-02-04 00:03:25.752175,1,seconds,,1
77,Any,Service,R62-6013,SO# 645081 / 645081,68.70229007633588,52.4,2026-02-03,,1,Hardcoded Seed Data,,2026-02-04 00:03:25.752480,,2026-02-04 00:03:25.752759,1,seconds,,1
78,Any,800T INJ,R62-6013,SO# 645082 / 645082,106.66666666666667,33.75,2026-02-03,,1,Hardcoded Seed Data,,2026-02-04 00:03:25.753262,,2026-02-04 00:03:25.753526,1,seconds,,1
79,Any,600T Comp,121-005933,SO# 645260 / 645260,6.0,600.0,2026-02-03,,1,Hardcoded Seed Data,,2026-02-04 00:03:25.754239,,2026-02-04 00:03:25.754622,1,seconds,,1
80,Any,600T Comp,121-005935,SO# 645270 / 645270,6.0,600.0,2026-02-03,,1,Hardcoded Seed Data,,2026-02-04 00:03:25.754948,,2026-02-04 00:03:25.755098,1,seconds,,1
81,Any,600T Comp,52006404,SO# 649700 / 649700,200.0,18.0,2026-02-03,,1,Hardcoded Seed Data,,2026-02-04 00:03:25.755363,,2026-02-04 00:03:25.755518,1,seconds,,1
82,Any,600T Comp,4668167,SO# 650080/ 650080,1371.4285714285713,2.625,2026-02-03,,1,Hardcoded Seed Data,,2026-02-04 00:03:25.755776,,2026-02-04 00:03:25.755922,1,seconds,,1
83,Any,600T Comp,52002750,SO# 651060 / 651060,122.5,29.387755102040817,2026-02-03,,1,Hardcoded Seed Data,,2026-02-04 00:03:25.756185,,2026-02-04 00:03:25.756331,1,seconds,,1
84,Any,600T Comp,04656464AA,SO# 651970 / 651970,240.0,15.0,2026-02-03,,1,Hardcoded Seed Data,,2026-02-04 00:03:25.756642,,2026-02-04 00:03:25.756847,1,seconds,,1
85,Any,600T Comp,52009562,SO# 652170 / 652170,32.00007198898735,112.49974691428571,2026-02-03,,1,Hardcoded Seed Data,,2026-02-04 00:03:25.757227,,2026-02-04 00:03:25.757414,1,seconds,,1
86,Any,600T Comp,024209-000,SO# 652390 / 652390,12.587412587412587,286.0,2026-02-03,,1,Hardcoded Seed Data,,2026-02-04 00:03:25.757788,,2026-02-04 00:03:25.757943,1,seconds,,1
87,Any,600T Comp,26953,SO# 652400 / 652400,13.499999831250001,266.66667,2026-02-03,,1,Hardcoded Seed Data,,2026-02-04 00:03:25.758348,,2026-02-04 00:03:25.758509,1,seconds,,1
88,Any,150T,GAFRW23675,SO# 652540 / 652540,12.500213846431798,287.9950730625,2026-02-03,,1,Hardcoded Seed Data,,2026-02-04 00:03:25.758779,,2026-02-04 00:03:25.758923,1,seconds,,1
89,Any,600T Comp,14044083,SO# 653360 / 653360,36.0,100.0,2026-02-03,,1,Hardcoded Seed Data,,2026-02-04 00:03:25.759195,,2026-02-04 00:03:25.759341,1,seconds,,1
90,Any,800T Comp,C-30861,SO# 653690 / 653690,20.0,180.0,2026-02-03,,1,Hardcoded Seed Data,,2026-02-04 00:03:25.759617,,2026-02-04 00:03:25.759759,1,seconds,,1
91,Any,Hend Assy,019279-000,SO# 654100 / 654100,22.5,160.0,2026-02-03,,1,Hardcoded Seed Data,,2026-02-04 00:03:25.760020,,2026-02-04 00:03:25.760165,1,seconds,,1
92,Any,Hend Assy,006966-000,SO# 654580 / 654580,31.25,115.2,2026-02-03,,1,Hardcoded Seed Data,,2026-02-04 00:03:25.760427,,2026-02-04 00:03:25.760585,1,seconds,,1
93,Any,ASY,060374-000,SO# 654590 / 654590,4.0,900.0,2026-02-03,,1,Hardcoded Seed Data,,2026-02-04 00:03:25.760845,,2026-02-04 00:03:25.760997,1,seconds,,1
94,Any,800T INJ,18-40587-000,SO# 654600 / 654600,17.000188324308436,211.76236,2026-02-03,,1,Hardcoded Seed Data,,2026-02-04 00:03:25.761253,,2026-02-04 00:03:25.761397,1,seconds,,1
95,Any,800T INJ,18-41503-000,SO# 654650 / 654650,34.00188461041597,105.8764842375,2026-02-03,,1,Hardcoded Seed Data,,2026-02-04 00:03:25.761657,,2026-02-04 00:03:25.761805,1,seconds,,1
96,Any,800T INJ,18-41503-001,SO# 654680 / 654680,17.000942305207985,211.752968475,2026-02-03,,1,Hardcoded Seed Data,,2026-02-04 00:03:25.762076,,2026-02-04 00:03:25.762223,1,seconds,,1
97,Any,800T INJ,18-41503-002,SO# 654690 / 654690,17.000942305207985,211.752968475,2026-02-03,,1,Hardcoded Seed Data,,2026-02-04 00:03:25.762487,,2026-02-04 00:03:25.762635,1,seconds,,1
98,Any,600T Comp,16-15888-000,SO# 654930 / 654930,169.41176470588235,21.25,2026-02-03,,1,Hardcoded Seed Data,,2026-02-04 00:03:25.762890,,2026-02-04 00:03:25.763049,1,seconds,,1
99,Any,800T INJ,59257-000S,SO# 655370/ 655370,26.666666666666668,135.0,2026-02-03,,1,Hardcoded Seed Data,,2026-02-04 00:03:25.763306,,2026-02-04 00:03:25.763452,1,seconds,,1
100,Any,800T INJ,18-41503-003,SO# 655440 / 655440,34.00188461041597,105.8764842375,2026-02-03,,1,Hardcoded Seed Data,,2026-02-04 00:03:25.763905,,2026-02-04 00:03:25.764148,1,seconds,,1
101,Any,800T INJ,18-41503-004,SO# 655450 / 655450,34.00188461041597,105.8764842375,2026-02-03,,1,Hardcoded Seed Data,,2026-02-04 00:03:25.764466,,2026-02-04 00:03:25.764619,1,seconds,,1
102,Any,800T INJ,25728544,SO# 655620 / 655620,114.00008075005721,31.578924999999998,2026-02-03,,1,Hardcoded Seed Data,,2026-02-04 00:03:25.764884,,2026-02-04 00:03:25.765029,1,seconds,,1
103,Any,800T INJ,25728545,SO# 655630 / 655630,114.00008075005721,31.578924999999998,2026-02-03,,1,Hardcoded Seed Data,,2026-02-04 00:03:25.765285,,2026-02-04 00:03:25.765442,1,seconds,,1
104,Any,800T INJ,25728546,SO# 655640 / 655640,114.00008075005721,31.578924999999998,2026-02-03,,1,Hardcoded Seed Data,,2026-02-04 00:03:25.765706,,2026-02-04 00:03:25.765972,1,seconds,,1
105,Any,800T INJ,25741484,SO# 655660 / 655660,114.00008075005721,31.578924999999998,2026-02-03,,1,Hardcoded Seed Data,,2026-02-04 00:03:25.766698,,2026-02-04 00:03:25.767029,1,seconds,,1
106,Any,800T INJ,25728543,SO# 655670 / 655670,228.000342000513,15.78945,2026-02-03,,1,Hardcoded Seed Data,,2026-02-04 00:03:25.767579,,2026-02-04 00:03:25.767772,1,seconds,,1
107,Any,800T INJ,52089330AB,SO# 656080 / 656080,200.00019045157026,17.999982859375,2026-02-03,,1,Hardcoded Seed Data,,2026-02-04 00:03:25.768057,,2026-02-04 00:03:25.768201,1,seconds,,1
108,Any,800T INJ,52089328AC,SO# 656090 / 656090,200.00019045157026,17.999982859375,2026-02-03,,1,Hardcoded Seed Data,,2026-02-04 00:03:25.768517,,2026-02-04 00:03:25.768662,1,seconds,,1
109,Any,500T INJ,8525967,SO# 656800 / 656800,144.0,25.0,2026-02-03,,1,Hardcoded Seed Data,,2026-02-04 00:03:25.768919,,2026-02-04 00:03:25.769065,1,seconds,,1
110,Any,400T,12681-1,SO# 656801 / 656801,80.0,45.0,2026-02-03,,1,Hardcoded Seed Data,,2026-02-04 00:03:25.769363,,2026-02-04 00:03:25.769513,1,seconds,,1
111,Any,TRIM,26118065,SO# 657310 / 657310,358.9232303090728,10.03,2026-02-03,,1,Hardcoded Seed Data,,2026-02-04 00:03:25.769799,,2026-02-04 00:03:25.769987,1,seconds,,1
112,Any,Asy01,05085896AA,SO# 657360 / 657360,186.25056909896114,19.3288,2026-02-03,,1,Hardcoded Seed Data,,2026-02-04 00:03:25.770273,,2026-02-04 00:03:25.770515,1,seconds,,1
113,Any,800T INJ,064299-004,SO# 657460 / 657460,25.0,144.0,2026-02-03,,1,Hardcoded Seed Data,,2026-02-04 00:03:25.770839,,2026-02-04 00:03:25.771005,1,seconds,,1
114,Any,Asy02,04895412AC,SO# 657490 / 657490,100.37500100375,35.865504,2026-02-03,,1,Hardcoded Seed Data,,2026-02-04 00:03:25.771360,,2026-02-04 00:03:25.771504,1,seconds,,1
115,Any,800T INJ,22186478,SO# 657540 / 657540,60.0,60.0,2026-02-03,,1,Hardcoded Seed Data,,2026-02-04 00:03:25.771763,,2026-02-04 00:03:25.771917,1,seconds,,1
116,Any,800T INJ,PT108-20,SO# 657550 / 657550,9.987515605493133,360.45,2026-02-03,,1,Hardcoded Seed Data,,2026-02-04 00:03:25.772250,,2026-02-04 00:03:25.772398,1,seconds,,1
117,Any,800T INJ,PT108-16,SO# 657600 / 657600,9.987515605493133,360.45,2026-02-03,,1,Hardcoded Seed Data,,2026-02-04 00:03:25.772658,,2026-02-04 00:03:25.772873,1,seconds,,1
118,Any,400T,22049891,SO# 657630/ 657630,262.22222222222223,13.728813559322035,2026-02-03,,1,Hardcoded Seed Data,,2026-02-04 00:03:25.773135,,2026-02-04 00:03:25.773284,1,seconds,,1
119,Any,800T INJ,PT108-12,SO# 657860 / 657860,9.987515605493133,360.45,2026-02-03,,1,Hardcoded Seed Data,,2026-02-04 00:03:25.773545,,2026-02-04 00:03:25.773692,1,seconds,,1
120,Any,800T INJ,PT108-24,SO# 658060 / 658060,9.987515605493133,360.45,2026-02-03,,1,Hardcoded Seed Data,,2026-02-04 00:03:25.773989,,2026-02-04 00:03:25.774143,1,seconds,,1
121,Any,800T INJ,065743-000,SO# 658120 / 658120,32.25000201562513,111.6279,2026-02-03,,1,Hardcoded Seed Data,,2026-02-04 00:03:25.774411,,2026-02-04 00:03:25.774556,1,seconds,,1
122,Any,800T INJ,6574-3000,SO# 658120/ 658120,17.5609756097561,205.0,2026-02-03,,1,Hardcoded Seed Data,,2026-02-04 00:03:25.774849,,2026-02-04 00:03:25.775002,1,seconds,,1
123,Any,400T,SZ460-027-01,SO# 658150 / 658150,282.3529411764706,12.75,2026-02-03,,1,Hardcoded Seed Data,,2026-02-04 00:03:25.775275,,2026-02-04 00:03:25.775421,1,seconds,,1
124,Any,600T Comp,FC-20,SO# 658170 / 658170,8.78048780487805,410.0,2026-02-03,,1,Hardcoded Seed Data,,2026-02-04 00:03:25.775683,,2026-02-04 00:03:25.775830,1,seconds,,1
125,Any,600T Comp,FC-35,SO# 658180 / 658180,7.317073170731708,492.0,2026-02-03,,1,Hardcoded Seed Data,,2026-02-04 00:03:25.776095,,2026-02-04 00:03:25.776246,1,seconds,,1
126,Any,600T Comp,FC-52,SO# 658190 / 658190,5.853658536585366,615.0,2026-02-03,,1,Hardcoded Seed Data,,2026-02-04 00:03:25.776511,,2026-02-04 00:03:25.776662,1,seconds,,1
127,Any,600T Comp,FC-70,SO# 658200 / 658200,5.853658536585366,615.0,2026-02-03,,1,Hardcoded Seed Data,,2026-02-04 00:03:25.776930,,2026-02-04 00:03:25.777073,1,seconds,,1
128,Any,600T Comp,DSR108-63,SO# 658210 / 658210,8.071748878923767,446.0,2026-02-03,,1,Hardcoded Seed Data,,2026-02-04 00:03:25.777334,,2026-02-04 00:03:25.777486,1,seconds,,1
129,Any,600T Comp,DSR108-75,SO# 658220 / 658220,8.071748878923767,446.0,2026-02-03,,1,Hardcoded Seed Data,,2026-02-04 00:03:25.777756,,2026-02-04 00:03:25.777902,1,seconds,,1
130,Any,600T Comp,DSR108-100,SO# 658240 / 658240,8.071748878923767,446.0,2026-02-03,,1,Hardcoded Seed Data,,2026-02-04 00:03:25.778178,,2026-02-04 00:03:25.778323,1,seconds,,1
131,Any,600T Comp,04721746AB,SO# 658490 / 658490,111.00001363888325,32.43242844736842,2026-02-03,,1,Hardcoded Seed Data,,2026-02-04 00:03:25.778601,,2026-02-04 00:03:25.778742,1,seconds,,1
132,Any,Asy 03,18-59922-000,SO# 658800 / 658800,100.0,36.0,2026-02-03,,1,Hardcoded Seed Data,,2026-02-04 00:03:25.778997,,2026-02-04 00:03:25.779181,1,seconds,,1
133,Any,350T,VS-RSB-01,SO# 658940 / 658940,3.5000004375000544,1028.5713,2026-02-03,,1,Hardcoded Seed Data,,2026-02-04 00:03:25.779899,,2026-02-04 00:03:25.780337,1,seconds,,1
134,Any,Asy01,05006386AA,SO# 659300 / 659300,162.75011528133166,22.1198,2026-02-03,,1,Hardcoded Seed Data,,2026-02-04 00:03:25.781306,,2026-02-04 00:03:25.781509,1,seconds,,1
135,Any,Asy05,3836802C97,SO# 659770 / 659770,50.375006944054775,71.46401,2026-02-03,,1,Hardcoded Seed Data,,2026-02-04 00:03:25.781828,,2026-02-04 00:03:25.781976,1,seconds,,1
136,Any,Asy05,3841766C95,SO# 659780 / 659780,38.0000168888964,94.7368,2026-02-03,,1,Hardcoded Seed Data,,2026-02-04 00:03:25.782269,,2026-02-04 00:03:25.782433,1,seconds,,1
137,Any,Asy05,3839857C95,SO# 659790 / 659790,92.87501576940372,38.76177,2026-02-03,,1,Hardcoded Seed Data,,2026-02-04 00:03:25.782689,,2026-02-04 00:03:25.782835,1,seconds,,1
138,Any,800T Comp,D25364,SO# 659830 / 659830,21.6,166.66666666666666,2026-02-03,,1,Hardcoded Seed Data,,2026-02-04 00:03:25.783090,,2026-02-04 00:03:25.783265,1,seconds,,1
139,Any,600T Comp,8419981,SO# 660220 / 660220,1.875,1920.0,2026-02-03,,1,Hardcoded Seed Data,,2026-02-04 00:03:25.783602,,2026-02-04 00:03:25.783801,1,seconds,,1
140,Any,600T Comp,8361943,SO# 660490 / 660490,1.875,1920.0,2026-02-03,,1,Hardcoded Seed Data,,2026-02-04 00:03:25.784389,,2026-02-04 00:03:25.784714,1,seconds,,1
141,Any,600T Comp,L010035,SO# 660550/ 660550,166.95652173913044,21.5625,2026-02-03,,1,Hardcoded Seed Data,,2026-02-04 00:03:25.785171,,2026-02-04 00:03:25.785328,1,seconds,,1
142,Any,600T Comp,8381227,SO# 660910 / 660910,5.714285714285714,630.0,2026-02-03,,1,Hardcoded Seed Data,,2026-02-04 00:03:25.785584,,2026-02-04 00:03:25.785718,1,seconds,,1
143,Any,600T Comp,8194450,SO# 661130 / 661130,10.000580353123464,359.9791085,2026-02-03,,1,Hardcoded Seed Data,,2026-02-04 00:03:25.786016,,2026-02-04 00:03:25.786215,1,seconds,,1
144,Any,600T Comp,8194449,SO# 661250 / 661250,10.0,360.0,2026-02-03,,1,Hardcoded Seed Data,,2026-02-04 00:03:25.786465,,2026-02-04 00:03:25.786599,1,seconds,,1
145,Any,600T Comp,8332268,SO# 661270 / 661270,1.875,1920.0,2026-02-03,,1,Hardcoded Seed Data,,2026-02-04 00:03:25.786858,,2026-02-04 00:03:25.787014,1,seconds,,1
146,Any,600T Comp,8431436,SO# 661690 / 661690,5.714285714285714,630.0,2026-02-03,,1,Hardcoded Seed Data,,2026-02-04 00:03:25.787251,,2026-02-04 00:03:25.787386,1,seconds,,1
147,Any,600T Comp,8491288,SO# 662390 / 662390,5.714285714285714,630.0,2026-02-03,,1,Hardcoded Seed Data,,2026-02-04 00:03:25.787626,,2026-02-04 00:03:25.787759,1,seconds,,1
148,Any,Trim,9094306,SO# 662920,116.75002943073659,30.83511,2026-02-03,,1,Hardcoded Seed Data,,2026-02-04 00:03:25.788045,,2026-02-04 00:03:25.788178,1,seconds,,1
149,Any,600T Comp,9313607,SO# 663080 / 663080,4.285714285714286,840.0,2026-02-03,,1,Hardcoded Seed Data,,2026-02-04 00:03:25.788423,,2026-02-04 00:03:25.788554,1,seconds,,1
150,Any,600T Comp,22822466,SO# 663720 / 663720,196.36363636363637,18.333333333333332,2026-02-03,,1,Hardcoded Seed Data,,2026-02-04 00:03:25.788794,,2026-02-04 00:03:25.788957,1,seconds,,1
151,Any,600T Comp,9500661,SO# 664250 / 664250,3.500011666705556,1028.568,2026-02-03,,1,Hardcoded Seed Data,,2026-02-04 00:03:25.789196,,2026-02-04 00:03:25.789324,1,seconds,,1
152,Any,Asy03,68051255AC,SO# 664630 / 664630,87.5912408759124,41.1,2026-02-03,,1,Hardcoded Seed Data,,2026-02-04 00:03:25.789677,,2026-02-04 00:03:25.789822,1,seconds,,1
153,Any,600T Comp,11919-2A,SO# 665030/ 665030,160.0,22.5,2026-02-03,,1,Hardcoded Seed Data,,2026-02-04 00:03:25.790060,,2026-02-04 00:03:25.790191,1,seconds,,1
154,Any,150T,25011836,SO# 671050 / 671050,35.294117647058826,102.0,2026-02-03,,1,Hardcoded Seed Data,,2026-02-04 00:03:25.790474,,2026-02-04 00:03:25.790636,1,seconds,,1
155,Any,Asy 38,U30023,SO# 671180 / 671180,42.502951593860686,84.7,2026-02-03,,1,Hardcoded Seed Data,,2026-02-04 00:03:25.790874,,2026-02-04 00:03:25.791044,1,seconds,,1
156,Any,Asy 38,U30024,SO# 671190 / 671190,42.502951593860686,84.7,2026-02-03,,1,Hardcoded Seed Data,,2026-02-04 00:03:25.791285,,2026-02-04 00:03:25.791418,1,seconds,,1
157,Any,ASY38,U30027,SO# 671220 / 671220,42.502951593860686,84.7,2026-02-03,,1,Hardcoded Seed Data,,2026-02-04 00:03:25.791660,,2026-02-04 00:03:25.791797,1,seconds,,1
158,Any,600T Comp,R351015104,SO# 671250 / 671250,67.6056338028169,53.25,2026-02-03,,1,Hardcoded Seed Data,,2026-02-04 00:03:25.792094,,2026-02-04 00:03:25.792229,1,seconds,,1
159,Any,500T,TLB-13371-55,SO# 671410 / 671410,94.11764705882354,38.25,2026-02-03,,1,Hardcoded Seed Data,,2026-02-04 00:03:25.792622,,2026-02-04 00:03:25.792948,1,seconds,,1
160,Any,Asy04,013472-1,SO# 671580 / 671580,34.64870067372473,103.9,2026-02-03,,1,Hardcoded Seed Data,,2026-02-04 00:03:25.793433,,2026-02-04 00:03:25.793689,1,seconds,,1
161,Any,Asy04,013472-2,SO# 671590 / 671590,45.12974802557353,79.77,2026-02-03,,1,Hardcoded Seed Data,,2026-02-04 00:03:25.794154,,2026-02-04 00:03:25.794468,1,seconds,,1
162,Any,350T,17-20709-001,SO# 672210 / 672210,128.0,28.125,2026-02-03,,1,Hardcoded Seed Data,,2026-02-04 00:03:25.794785,,2026-02-04 00:03:25.794928,1,seconds,,1
163,Any,350T,17-20709-001,SO# 672211 / 672211,128.0,28.125,2026-02-03,,1,Hardcoded Seed Data,,2026-02-04 00:03:25.795241,,2026-02-04 00:03:25.795416,1,seconds,,1
164,Any,350T,17-20709-000,SO# 672221 / 672221,192.0,18.75,2026-02-03,,1,Hardcoded Seed Data,,2026-02-04 00:03:25.795724,,2026-02-04 00:03:25.795961,1,seconds,,1
165,Any,350T,A17-20868-000,SO# 672610 / 672610,53.333333333333336,67.5,2026-02-03,,1,Hardcoded Seed Data,,2026-02-04 00:03:25.796352,,2026-02-04 00:03:25.796506,1,seconds,,1
166,Any,400T,01-33964-000,SO# 672640 / 672640,28.235294117647058,127.5,2026-02-03,,1,Hardcoded Seed Data,,2026-02-04 00:03:25.796819,,2026-02-04 00:03:25.796996,1,seconds,,1
167,Any,400T,01-33964-000,SO# 672641 / 672641,28.235294117647058,127.5,2026-02-03,,1,Hardcoded Seed Data,,2026-02-04 00:03:25.797301,,2026-02-04 00:03:25.797459,1,seconds,,1
168,Any,500T,01-33963-000,SO# 672650 / 672650,28.235294117647058,127.5,2026-02-03,,1,Hardcoded Seed Data,,2026-02-04 00:03:25.797809,,2026-02-04 00:03:25.797971,1,seconds,,1
169,Any,500T,01-33963-000,SO# 672651 / 672651,28.235294117647058,127.5,2026-02-03,,1,Hardcoded Seed Data,,2026-02-04 00:03:25.798341,,2026-02-04 00:03:25.798481,1,seconds,,1
170,Any,Asy04,14432,SO# 672800 / 672800,51.28205128205128,70.2,2026-02-03,,1,Hardcoded Seed Data,,2026-02-04 00:03:25.798746,,2026-02-04 00:03:25.798893,1,seconds,,1
171,Any,800T INJ,RPB707-006SP,SO# 672961 / 672961,5.499966427288267,654.54945,2026-02-03,,1,Hardcoded Seed Data,,2026-02-04 00:03:25.799152,,2026-02-04 00:03:25.799290,1,seconds,,1
172,Any,800T INJ,RPB707-005SP,SO# 672980 / 672980,5.499966427288267,654.54945,2026-02-03,,1,Hardcoded Seed Data,,2026-02-04 00:03:25.799546,,2026-02-04 00:03:25.799685,1,seconds,,1
173,Any,Inj 07,RPB707-005-SP,SO# 672981 / 672981,1.3761467889908257,2616.0,2026-02-03,,1,Hardcoded Seed Data,,2026-02-04 00:03:25.799973,,2026-02-04 00:03:25.800111,1,seconds,,1
174,Any,800T INJ,RPB707-004SP,SO# 673020 / 673020,8.250012031267545,436.363,2026-02-03,,1,Hardcoded Seed Data,,2026-02-04 00:03:25.800377,,2026-02-04 00:03:25.800513,1,seconds,,1
175,Any,600T Comp,317844,SO# 674270 / 674270,175.00002187500272,20.571426000000002,2026-02-03,,1,Hardcoded Seed Data,,2026-02-04 00:03:25.800767,,2026-02-04 00:03:25.800906,1,seconds,,1
176,Any,600T Comp,J0687550,SO# 674460 / 674460,631.304347826087,5.702479338842975,2026-02-03,,1,Hardcoded Seed Data,,2026-02-04 00:03:25.801176,,2026-02-04 00:03:25.801314,1,seconds,,1
177,Any,600T Comp,55254847,SO# 674490 / 674490,234.78260869565216,15.333333333333334,2026-02-03,,1,Hardcoded Seed Data,,2026-02-04 00:03:25.801575,,2026-02-04 00:03:25.801729,1,seconds,,1
178,Any,500T,54034 4BA0D,SO# 674581 / 674581,96.0,37.5,2026-02-03,,1,Hardcoded Seed Data,,2026-02-04 00:03:25.801983,,2026-02-04 00:03:25.802120,1,seconds,,1
179,Any,Trim,N801951S,SO# 674650 / 674650,1846.1538461538462,1.95,2026-02-03,,1,Hardcoded Seed Data,,2026-02-04 00:03:25.802379,,2026-02-04 00:03:25.802522,1,seconds,,1
180,Any,Trim,N801951S,SO# 674650 / 674650,1836.734693877551,1.96,2026-02-03,,1,Hardcoded Seed Data,,2026-02-04 00:03:25.802777,,2026-02-04 00:03:25.802918,1,seconds,,1
181,Any,600T Comp,15660768,SO# 674740 / 674740,77.77777777777779,46.285714285714285,2026-02-03,,1,Hardcoded Seed Data,,2026-02-04 00:03:25.803166,,2026-02-04 00:03:25.803312,1,seconds,,1
182,Any,600T Comp,3814463C2,SO# 674910 / 674910,520.0,6.923076923076923,2026-02-03,,1,Hardcoded Seed Data,,2026-02-04 00:03:25.803568,,2026-02-04 00:03:25.803706,1,seconds,,1
183,Any,400T,3824332C1,SO# 674950 / 674950,64.0,56.25,2026-02-03,,1,Hardcoded Seed Data,,2026-02-04 00:03:25.803954,,2026-02-04 00:03:25.804097,1,seconds,,1
184,Any,800T Comp,C-21824,SO# 675160 / 675160,20.0,180.0,2026-02-03,,1,Hardcoded Seed Data,,2026-02-04 00:03:25.804355,,2026-02-04 00:03:25.804501,1,seconds,,1
185,Any,Asy05,F67Z 3069 AA,SO# 675180 / 675180,125.0,28.8,2026-02-03,,1,Hardcoded Seed Data,,2026-02-04 00:03:25.804761,,2026-02-04 00:03:25.804959,1,seconds,,1
186,Any,600T Comp,5083EU,SO# 675210 / 675210,391.0112359550561,9.206896551724139,2026-02-03,,1,Hardcoded Seed Data,,2026-02-04 00:03:25.805217,,2026-02-04 00:03:25.805358,1,seconds,,1
187,Any,600T Comp,TA108-005,SO# 675890 / 675890,14.4,250.0,2026-02-03,,1,Hardcoded Seed Data,,2026-02-04 00:03:25.805616,,2026-02-04 00:03:25.805759,1,seconds,,1
188,Any,800T INJ,UO108-003P,SO# 675901 / 675901,5.0,720.0,2026-02-03,,1,Hardcoded Seed Data,,2026-02-04 00:03:25.806389,,2026-02-04 00:03:25.806762,1,seconds,,1
189,Any,800T INJ,UO108-030,SO# 675940 / 675940,5.0,720.0,2026-02-03,,1,Hardcoded Seed Data,,2026-02-04 00:03:25.807384,,2026-02-04 00:03:25.807693,1,seconds,,1
190,Any,Asy06,15030648,SO# 676210 / 676210,12.5,288.0,2026-02-03,,1,Hardcoded Seed Data,,2026-02-04 00:03:25.808006,,2026-02-04 00:03:25.808159,1,seconds,,1
191,Any,600T Comp,22-65331-000,SO# 676250 / 676250,320.0,11.25,2026-02-03,,1,Hardcoded Seed Data,,2026-02-04 00:03:25.808436,,2026-02-04 00:03:25.808583,1,seconds,,1
192,Any,Asy05,EOTZ 5781 B,SO# 677000 / 677000,130.6288326862368,27.559,2026-02-03,,1,Hardcoded Seed Data,,2026-02-04 00:03:25.808848,,2026-02-04 00:03:25.808999,1,seconds,,1
193,Any,Asy05,1L5Z 5A546 AA,SO# 677081 / 677081,26.124818577648764,137.8,2026-02-03,,1,Hardcoded Seed Data,,2026-02-04 00:03:25.809252,,2026-02-04 00:03:25.809400,1,seconds,,1
194,Any,600T Comp,1L5Z 5A546 AA,SO# 677081 / 677081,514.2857142857143,7.0,2026-02-03,,1,Hardcoded Seed Data,,2026-02-04 00:03:25.809673,,2026-02-04 00:03:25.809836,1,seconds,,1
195,Any,600T Comp,EOTZ-5781-B,SO# 677170 / 677170,3780.0535791094394,0.9523674531746031,2026-02-03,,1,Hardcoded Seed Data,,2026-02-04 00:03:25.810257,,2026-02-04 00:03:25.810410,1,seconds,,1
196,Any,Asy05,EOTZ 5781 E,SO# 677170 / 677170,60.0,60.0,2026-02-03,,1,Hardcoded Seed Data,,2026-02-04 00:03:25.810698,,2026-02-04 00:03:25.811099,1,seconds,,1
197,Any,Asy05,F75Z 3A443 AB,SO# 677230 / 677230,149.87510407993338,24.02,2026-02-03,,1,Hardcoded Seed Data,,2026-02-04 00:03:25.811807,,2026-02-04 00:03:25.812057,1,seconds,,1
198,Any,Asy05,E4TZ 3B177 A,SO# 677250 / 677250,600.0000876000128,5.999999124,2026-02-03,,1,Hardcoded Seed Data,,2026-02-04 00:03:25.813335,,2026-02-04 00:03:25.813734,1,seconds,,1
199,Any,600T Comp,TO108-007,SO# 677640 / 677640,520.0000037988889,6.9230768725,2026-02-03,,1,Hardcoded Seed Data,,2026-02-04 00:03:25.814392,,2026-02-04 00:03:25.814547,1,seconds,,1
200,Any,600T Comp,UO108-002,SO# 677650 / 677650,7.5,480.0,2026-02-03,,1,Hardcoded Seed Data,,2026-02-04 00:03:25.814815,,2026-02-04 00:03:25.814958,1,seconds,,1
201,Any,600T Comp,AO108-004,SO# 677670 / 677670,4.8,750.0,2026-02-03,,1,Hardcoded Seed Data,,2026-02-04 00:03:25.815219,,2026-02-04 00:03:25.815374,1,seconds,,1
202,Any,600T Comp,AO108-004,SO# 677670 / 677670,7.5,480.0,2026-02-03,,1,Hardcoded Seed Data,,2026-02-04 00:03:25.815645,,2026-02-04 00:03:25.815786,1,seconds,,1
203,Any,600T Comp,EZ108-005,SO# 677700 / 677700,5.0,720.0,2026-02-03,,1,Hardcoded Seed Data,,2026-02-04 00:03:25.816050,,2026-02-04 00:03:25.816188,1,seconds,,1
204,Any,600T Comp,EZ108-005,SO# 677700 / 677700,9.6,375.0,2026-02-03,,1,Hardcoded Seed Data,,2026-02-04 00:03:25.816451,,2026-02-04 00:03:25.816598,1,seconds,,1
205,Any,Trim,22-65332-000,SO# 677750 / 677750,1000.0000036111112,3.599999987,2026-02-03,,1,Hardcoded Seed Data,,2026-02-04 00:03:25.816862,,2026-02-04 00:03:25.817006,1,seconds,,1
206,Any,Trim,22-65332-000,SO# 677750 / 677750,1000.0000036111112,3.599999987,2026-02-03,,1,Hardcoded Seed Data,,2026-02-04 00:03:25.817263,,2026-02-04 00:03:25.817414,1,seconds,,1
207,Any,600T Comp,TO108-002,SO# 677780 / 677780,5.0,720.0,2026-02-03,,1,Hardcoded Seed Data,,2026-02-04 00:03:25.817671,,2026-02-04 00:03:25.817819,1,seconds,,1
208,Any,800T INJ,UO108-010,SO# 678650 / 678650,4.8,750.0,2026-02-03,,1,Hardcoded Seed Data,,2026-02-04 00:03:25.818077,,2026-02-04 00:03:25.818217,1,seconds,,1
209,Any,CMP,TLB10860 10,SO# 678680 / 678680,800.0,4.5,2026-02-03,,1,Hardcoded Seed Data,,2026-02-04 00:03:25.818490,,2026-02-04 00:03:25.818634,1,seconds,,1
210,Any,Asy38,11728,SO# 678780 / 678780,42.502951593860686,84.7,2026-02-03,,1,Hardcoded Seed Data,,2026-02-04 00:03:25.818903,,2026-02-04 00:03:25.819396,1,seconds,,1
211,Any,ASY38,11681,SO# 676791 / 676791,0.0,0.0,2026-02-03,,1,Hardcoded Seed Data,,2026-02-04 00:03:25.820052,,2026-02-04 00:03:25.820384,1,seconds,,1
212,Any,800T INJ,060374-000A,SO# 678970 / 678970,57.142857142857146,63.0,2026-02-03,,1,Hardcoded Seed Data,,2026-02-04 00:03:25.821005,,2026-02-04 00:03:25.821244,1,seconds,,1
213,Any,400T,05-16401,SO# 678990 / 678990,62.000003875000246,58.0645125,2026-02-03,,1,Hardcoded Seed Data,,2026-02-04 00:03:25.821526,,2026-02-04 00:03:25.821673,1,seconds,,1
214,Any,Trim,05-16401,SO# 678991 / 678991,60.07509386733417,59.925,2026-02-03,,1,Hardcoded Seed Data,,2026-02-04 00:03:25.821930,,2026-02-04 00:03:25.822072,1,seconds,,1
215,Any,600T Comp,14-14656,SO# 679000 / 679000,34.285714285714285,105.0,2026-02-03,,1,Hardcoded Seed Data,,2026-02-04 00:03:25.822330,,2026-02-04 00:03:25.822474,1,seconds,,1
216,Any,800T INJ,2A23708-1,SO# 679230 / 679230,118.0327868852459,30.5,2026-02-03,,1,Hardcoded Seed Data,,2026-02-04 00:03:25.822731,,2026-02-04 00:03:25.822878,1,seconds,,1
217,Any,600T Comp,TLB15 0260 60,SO# 679270 / 679270,34.285714285714285,105.0,2026-02-03,,1,Hardcoded Seed Data,,2026-02-04 00:03:25.823183,,2026-02-04 00:03:25.823318,1,seconds,,1
218,Any,Asy38,12447,SO# 679351 / 679351,42.502951593860686,84.7,2026-02-03,,1,Hardcoded Seed Data,,2026-02-04 00:03:25.823577,,2026-02-04 00:03:25.823718,1,seconds,,1
219,Any,Asy38,12448,SO# 679360 / 679360,42.502951593860686,84.7,2026-02-03,,1,Hardcoded Seed Data,,2026-02-04 00:03:25.823975,,2026-02-04 00:03:25.824115,1,seconds,,1
220,Any,Asy02,05181575AA,SO# 679590 / 679590,75.0,48.0,2026-02-03,,1,Hardcoded Seed Data,,2026-02-04 00:03:25.824373,,2026-02-04 00:03:25.824515,1,seconds,,1
221,Any,800T INJ,04895372AB,SO# 679670 / 679670,174.54545454545453,20.625,2026-02-03,,1,Hardcoded Seed Data,,2026-02-04 00:03:25.824785,,2026-02-04 00:03:25.824928,1,seconds,,1
222,Any,600T Comp,RL108-010P,SO# 679690 / 679690,8.250000120312501,436.36363,2026-02-03,,1,Hardcoded Seed Data,,2026-02-04 00:03:25.825206,,2026-02-04 00:03:25.825344,1,seconds,,1
223,Any,Asy 02,04895413AE,SO# 679780 / 679780,135.8490566037736,26.5,2026-02-03,,1,Hardcoded Seed Data,,2026-02-04 00:03:25.825598,,2026-02-04 00:03:25.825738,1,seconds,,1
224,Any,Asy 02,04895414AE,SO# 679790 / 679790,81.26410835214448,44.3,2026-02-03,,1,Hardcoded Seed Data,,2026-02-04 00:03:25.825994,,2026-02-04 00:03:25.826130,1,seconds,,1
225,Any,800T INJ,PT108-010P,SO# 679920 / 679920,20.0,180.0,2026-02-03,,1,Hardcoded Seed Data,,2026-02-04 00:03:25.826420,,2026-02-04 00:03:25.826656,1,seconds,,1
226,Any,Asy 38,A85-2010-201,SO# 680040 / 680040,42.502951593860686,84.7,2026-02-03,,1,Hardcoded Seed Data,,2026-02-04 00:03:25.827177,,2026-02-04 00:03:25.827405,1,seconds,,1
227,Any,Asy 38,A85-2010-201R,SO# 680050 / 680050,42.502951593860686,84.7,2026-02-03,,1,Hardcoded Seed Data,,2026-02-04 00:03:25.827717,,2026-02-04 00:03:25.827860,1,seconds,,1
228,Any,Asy 38,A85-2010-206,SO# 680140 / 680140,42.502951593860686,84.7,2026-02-03,,1,Hardcoded Seed Data,,2026-02-04 00:03:25.828118,,2026-02-04 00:03:25.828261,1,seconds,,1
229,Any,Asy 38,A85-2010-206R,SO# 680150 / 680150,42.502951593860686,84.7,2026-02-03,,1,Hardcoded Seed Data,,2026-02-04 00:03:25.828512,,2026-02-04 00:03:25.828649,1,seconds,,1
230,Any,Asy 38,A85-2010-207,SO# 680160 / 680160,42.502951593860686,84.7,2026-02-03,,1,Hardcoded Seed Data,,2026-02-04 00:03:25.828905,,2026-02-04 00:03:25.829064,1,seconds,,1
231,Any,Asy 38,A85-2010-208R,SO# 680160 / 680161,42.502951593860686,84.7,2026-02-03,,1,Hardcoded Seed Data,,2026-02-04 00:03:25.829317,,2026-02-04 00:03:25.829461,1,seconds,,1
232,Any,Asy 38,A85-2010-207R,SO# 680170 / 680170,42.502951593860686,84.7,2026-02-03,,1,Hardcoded Seed Data,,2026-02-04 00:03:25.829721,,2026-02-04 00:03:25.829870,1,seconds,,1
233,Any,Asy 38,A85-2010-208R,SO# 680190 / 680190,42.502951593860686,84.7,2026-02-03,,1,Hardcoded Seed Data,,2026-02-04 00:03:25.830124,,2026-02-04 00:03:25.830270,1,seconds,,1
234,Any,Asy 38,A85-2011-101,SO# 680280 / 680280,42.502951593860686,84.7,2026-02-03,,1,Hardcoded Seed Data,,2026-02-04 00:03:25.830524,,2026-02-04 00:03:25.830702,1,seconds,,1
235,Any,Asy 38,A85-2011-101R,SO# 680290 / 680280,42.502951593860686,84.7,2026-02-03,,1,Hardcoded Seed Data,,2026-02-04 00:03:25.830962,,2026-02-04 00:03:25.831124,1,seconds,,1
236,Any,Asy 38,A85-2011-102,SO# 680300 / 680300,42.502951593860686,84.7,2026-02-03,,1,Hardcoded Seed Data,,2026-02-04 00:03:25.831373,,2026-02-04 00:03:25.831514,1,seconds,,1
237,Any,Asy 38,A85-2011-102R,SO# 680310 / 680310,42.502951593860686,84.7,2026-02-03,,1,Hardcoded Seed Data,,2026-02-04 00:03:25.831769,,2026-02-04 00:03:25.831905,1,seconds,,1
238,Any,Asy 38,A85-2011-108,SO# 680360 / 680360,42.502951593860686,84.7,2026-02-03,,1,Hardcoded Seed Data,,2026-02-04 00:03:25.832157,,2026-02-04 00:03:25.832299,1,seconds,,1
239,Any,Asy 38,A85-2011-108R,SO# 680370 / 680370,42.502951593860686,84.7,2026-02-03,,1,Hardcoded Seed Data,,2026-02-04 00:03:25.832623,,2026-02-04 00:03:25.832922,1,seconds,,1
240,Any,400T,4083015C92,SO# 682130 / 682130,30.967741935483872,116.25,2026-02-03,,1,Hardcoded Seed Data,,2026-02-04 00:03:25.833626,,2026-02-04 00:03:25.834099,1,seconds,,1
241,Any,500T,84528195,SO# 682141/ 682141,56.69291338582677,63.5,2026-02-03,,1,Hardcoded Seed Data,,2026-02-04 00:03:25.834583,,2026-02-04 00:03:25.834790,1,seconds,,1
242,Any,800T INJ,UO108-011P,SO# 682190 / 682190,5.0,720.0,2026-02-03,,1,Hardcoded Seed Data,,2026-02-04 00:03:25.835060,,2026-02-04 00:03:25.835205,1,seconds,,1
243,Any,800T INJ,UO108-035P,SO# 682210 / 682210,61.935483870967744,58.125,2026-02-03,,1,Hardcoded Seed Data,,2026-02-04 00:03:25.835465,,2026-02-04 00:03:25.835626,1,seconds,,1
244,Any,800T INJ,UO108-030P,SO# 682220 / 682220,5.0,720.0,2026-02-03,,1,Hardcoded Seed Data,,2026-02-04 00:03:25.835883,,2026-02-04 00:03:25.836016,1,seconds,,1
245,,PRESS-01,RM-PART-123,TEST-RM-001,342.86,10.5,2023-01-01,,1,Test Run Mode Rate,,2026-02-18 23:08:34.549978,,2026-02-18 23:08:34.550445,4,seconds,,2
246,,PRESS-FB,FALLBACK-PART,FALLBACK-TEST,180.0,20.0,2023-01-01,,1,,,2026-02-18 23:08:34.605146,,2026-02-18 23:08:34.605380,1,seconds,,1
247,,PRESS-FB,FALLBACK-PART,FALLBACK-TEST,120.0,30.0,2023-01-01,,1,,,2026-02-18 23:08:34.721414,,2026-02-18 23:08:34.721651,1,seconds,,2
248,,PRESS-01,RM-PART-123,TEST-RM-001,342.86,10.5,2023-01-01,,1,Test Run Mode Rate,,2026-02-18 23:10:58.279142,,2026-02-18 23:10:58.279386,4,seconds,,2
249,,PRESS-FB,FALLBACK-PART,FALLBACK-TEST,180.0,20.0,2023-01-01,,1,,,2026-02-18 23:10:58.319344,,2026-02-18 23:10:58.319486,1,seconds,,1
250,,PRESS-FB,FALLBACK-PART,FALLBACK-TEST,120.0,30.0,2023-01-01,,1,,,2026-02-18 23:10:58.341833,,2026-02-18 23:10:58.342030,1,seconds,,2
251,,PRESS-01,RM-PART-123,TEST-RM-001,342.86,10.5,2023-01-01,,1,Test Run Mode Rate,,2026-02-18 23:11:30.836846,,2026-02-18 23:11:30.837027,4,seconds,,2
252,,PRESS-FB,FALLBACK-PART,FALLBACK-TEST,180.0,20.0,2023-01-01,,1,,,2026-02-18 23:11:30.875814,,2026-02-18 23:11:30.876086,1,seconds,,1
253,,PRESS-FB,FALLBACK-PART,FALLBACK-TEST,120.0,30.0,2023-01-01,,1,,,2026-02-18 23:11:30.898235,,2026-02-18 23:11:30.898385,1,seconds,,2
254,,PRESS-01,RM-PART-123,TEST-RM-001,342.86,10.5,2023-01-01,,1,Test Run Mode Rate,,2026-02-18 23:11:58.165183,,2026-02-18 23:11:58.165360,4,seconds,,2
255,,PRESS-FB,FALLBACK-PART,FALLBACK-TEST,180.0,20.0,2023-01-01,,1,,,2026-02-18 23:11:58.204814,,2026-02-18 23:11:58.205033,1,seconds,,1
256,,PRESS-FB,FALLBACK-PART,FALLBACK-TEST,120.0,30.0,2023-01-01,,1,,,2026-02-18 23:11:58.227744,,2026-02-18 23:11:58.227896,1,seconds,,2
