id,run_mode_id,operator,machine,part_number,job,ideal_units_per_hour,ideal_cycle_time_seconds,start_date,end_date,active,notes,cavity_count,entry_mode,machine_cycle_time,created_by,created_at,updated_by,updated_at
1,1,Any,600T Comp,4228564,56128,396.000000935,9.09090906944444,2026-02-27,,True,Hardcoded Seed Data,1,seconds,,,2026-02-27 01:21:45.250895,,2026-02-27 01:21:45.251003
2,1,Any,600T Comp,4348325,56440,1440.0,2.5,2026-02-27,,True,Hardcoded Seed Data,1,seconds,,,2026-02-27 01:21:45.251400,,2026-02-27 01:21:45.251498
3,1,Any,600T Comp,3751510,56547,324.324324324324,11.1,2026-02-27,,True,Hardcoded Seed Data,1,seconds,,,2026-02-27 01:21:45.251716,,2026-02-27 01:21:45.251810
4,1,Any,600T Comp,2860332,57463 / 6193,200.000000925926,17.9999999166667,2026-02-27,,True,Hardcoded Seed Data,1,seconds,,,2026-02-27 01:21:45.252011,,2026-02-27 01:21:45.252100
5,1,Any,INJ 31,CP5100-060,SO# 51730 / 51730,30.6818190534608,117.33333,2026-02-27,,True,Hardcoded Seed Data,1,seconds,,,2026-02-27 01:21:45.252317,,2026-02-27 01:21:45.252418
6,1,Any,500T,23620238,SO# 517300 / 517300,24.0,150.0,2026-02-27,,True,Hardcoded Seed Data,1,seconds,,,2026-02-27 01:21:45.252622,,2026-02-27 01:21:45.252717
7,1,Any,Inj28,60374000,SO# 52022 / 52022,12.0,300.0,2026-02-27,,True,Hardcoded Seed Data,1,seconds,,,2026-02-27 01:21:45.252927,,2026-02-27 01:21:45.253047
8,1,Any,500T,23898854,SO# 52025 / 52025,660.000055000005,5.454545,2026-02-27,,True,Hardcoded Seed Data,1,seconds,,,2026-02-27 01:21:45.253333,,2026-02-27 01:21:45.253455
9,1,Any,Unknown,SS-CK6117-070,SO# 52030 / 52030,240.0,15.0,2026-02-27,,True,Hardcoded Seed Data,1,seconds,,,2026-02-27 01:21:45.253678,,2026-02-27 01:21:45.253800
10,1,Any,500T,24366617,SO# 52035 / 52035,180.0,20.0,2026-02-27,,True,Hardcoded Seed Data,1,seconds,,,2026-02-27 01:21:45.254023,,2026-02-27 01:21:45.254152
11,1,Any,Injection,SS-CP5172-060,SO# 54045 / 54045,24.0,150.0,2026-02-27,,True,Hardcoded Seed Data,1,seconds,,,2026-02-27 01:21:45.254411,,2026-02-27 01:21:45.254523
12,1,Any,150T,9791-3,SO# 543590 / 543590,22.8571428571429,157.5,2026-02-27,,True,Hardcoded Seed Data,1,seconds,,,2026-02-27 01:21:45.254792,,2026-02-27 01:21:45.254915
13,1,Any,Inj29,11271-5,SO# 545080 / 545080,120.0,30.0,2026-02-27,,True,Hardcoded Seed Data,1,seconds,,,2026-02-27 01:21:45.255135,,2026-02-27 01:21:45.255274
14,1,Any,600T Comp,N801951S,SO# 54841 / 54841,214.285714285714,16.8,2026-02-27,,True,Hardcoded Seed Data,1,seconds,,,2026-02-27 01:21:45.255516,,2026-02-27 01:21:45.256377
15,1,Any,600T Comp,52039187,SO# 55251 / 5994,300.0,12.0,2026-02-27,,True,Hardcoded Seed Data,1,seconds,,,2026-02-27 01:21:45.256598,,2026-02-27 01:21:45.256706
16,1,Any,600T Comp,006966-000,SO# 554720 / 554720,77.1428571428572,46.6666666666667,2026-02-27,,True,Hardcoded Seed Data,1,seconds,,,2026-02-27 01:21:45.256907,,2026-02-27 01:21:45.256992
17,1,Any,600T Comp,6729,SO# 554850 / 554850,100.0,36.0,2026-02-27,,True,Hardcoded Seed Data,1,seconds,,,2026-02-27 01:21:45.257182,,2026-02-27 01:21:45.257291
18,1,Any,400T,26118065,SO# 55731 / 55731,180.0,20.0,2026-02-27,,True,Hardcoded Seed Data,1,seconds,,,2026-02-27 01:21:45.257485,,2026-02-27 01:21:45.257572
19,1,Any,INJ18,04895412AC,SO# 558000 / 558000,160.0,22.5,2026-02-27,,True,Hardcoded Seed Data,1,seconds,,,2026-02-27 01:21:45.257769,,2026-02-27 01:21:45.257855
20,1,Any,600T Comp,10596,SO# 558690 / 558690,182.857142857143,19.6875,2026-02-27,,True,Hardcoded Seed Data,1,seconds,,,2026-02-27 01:21:45.258045,,2026-02-27 01:21:45.258127
21,1,Any,Inj 18,9932-2,SO# 558880 / 558880,128.0,28.125,2026-02-27,,True,Hardcoded Seed Data,1,seconds,,,2026-02-27 01:21:45.258376,,2026-02-27 01:21:45.258460
22,1,Any,Inj 38,11459-2,SO# 559560 / 559560,36.0000090000023,99.999975,2026-02-27,,True,Hardcoded Seed Data,1,seconds,,,2026-02-27 01:21:45.258645,,2026-02-27 01:21:45.258728
23,1,Any,600T Comp,9094306,SO# 56448,26.2505468863935,137.14,2026-02-27,,True,Hardcoded Seed Data,1,seconds,,,2026-02-27 01:21:45.258917,,2026-02-27 01:21:45.259003
24,1,Any,400T,68622598AA,SO# 56488 / 56488,200.0,18.0,2026-02-27,,True,Hardcoded Seed Data,1,seconds,,,2026-02-27 01:21:45.259191,,2026-02-27 01:21:45.259300
25,1,Any,400T,13207-2,SO# 56488 / 56488,200.0,18.0,2026-02-27,,True,Hardcoded Seed Data,1,seconds,,,2026-02-27 01:21:45.259499,,2026-02-27 01:21:45.259580
26,1,Any,600T Comp,353355,SO# 56608 / 56608,288.0,12.5,2026-02-27,,True,Hardcoded Seed Data,1,seconds,,,2026-02-27 01:21:45.259780,,2026-02-27 01:21:45.259863
27,1,Any,600T Comp,386819S,SO# 57176/ 57176,675.348837209302,5.33057851239669,2026-02-27,,True,Hardcoded Seed Data,1,seconds,,,2026-02-27 01:21:45.260060,,2026-02-27 01:21:45.260149
28,1,Any,600T Comp,4373728,SO# 57452/ 57452,645.859872611465,5.57396449704142,2026-02-27,,True,Hardcoded Seed Data,1,seconds,,,2026-02-27 01:21:45.260421,,2026-02-27 01:21:45.260532
29,1,Any,Inj 17 - 18,11105-9,SO# 575000 / 575000,40.0,90.0,2026-02-27,,True,Hardcoded Seed Data,1,seconds,,,2026-02-27 01:21:45.260750,,2026-02-27 01:21:45.260865
30,1,Any,Inj23,7712/20096800,SO# 575230 / 575230,138.000034500009,26.08695,2026-02-27,,True,Hardcoded Seed Data,1,seconds,,,2026-02-27 01:21:45.261079,,2026-02-27 01:21:45.261195
31,1,Any,INJ,7712/20097201,SO# 576200 / 576200,1583.86801099908,2.27291666666667,2026-02-27,,True,Hardcoded Seed Data,1,seconds,,,2026-02-27 01:21:45.261443,,2026-02-27 01:21:45.261625
32,1,Any,CMP,10860-1,SO# 578940 / 578940,10751.2832477835,0.33484375,2026-02-27,,True,Hardcoded Seed Data,1,seconds,,,2026-02-27 01:21:45.261879,,2026-02-27 01:21:45.262028
33,1,Any,CMP,10873-1,SO# 578950 / 578950,249.001147358228,14.4577647058824,2026-02-27,,True,Hardcoded Seed Data,1,seconds,,,2026-02-27 01:21:45.262411,,2026-02-27 01:21:45.262574
34,1,Any,600T Comp,11636-2,SO# 579280 / 579280,35.1219512195122,102.5,2026-02-27,,True,Hardcoded Seed Data,1,seconds,,,2026-02-27 01:21:45.262852,,2026-02-27 01:21:45.263015
35,1,Any,500T,12987-72,SO# 579970 / 579970,288.0,12.5,2026-02-27,,True,Hardcoded Seed Data,1,seconds,,,2026-02-27 01:21:45.263304,,2026-02-27 01:21:45.263436
36,1,Any,Injection,SS-CK6017-060,SO# 580410 / 580410,30.0,120.0,2026-02-27,,True,Hardcoded Seed Data,1,seconds,,,2026-02-27 01:21:45.263668,,2026-02-27 01:21:45.263788
37,1,Any,Assembly,SS-CK6017-300,SO# 580420 / 580420,42.5000000014757,84.70588235,2026-02-27,,True,Hardcoded Seed Data,1,seconds,,,2026-02-27 01:21:45.264004,,2026-02-27 01:21:45.264134
38,1,Any,Inspection,21377-H98A0A,SO# 600670,187.5,19.2,2026-02-27,,True,Hardcoded Seed Data,1,seconds,,,2026-02-27 01:21:45.264378,,2026-02-27 01:21:45.264494
39,1,Any,Trim,A62-6082,SO# 610010 / 610010,187.5,19.2,2026-02-27,,True,Hardcoded Seed Data,1,seconds,,,2026-02-27 01:21:45.264710,,2026-02-27 01:21:45.264830
40,1,Any,ASY,A62-6082,SO# 610011 / 610011,0.0,0.0,2026-02-27,,True,Hardcoded Seed Data,1,seconds,,,2026-02-27 01:21:45.265046,,2026-02-27 01:21:45.265162
41,1,Any,Asy31,A85-2144-002,SO# 610031 / 610031,327.272727272727,11.0,2026-02-27,,True,Hardcoded Seed Data,1,seconds,,,2026-02-27 01:21:45.265412,,2026-02-27 01:21:45.265523
42,1,Any,Asy31,A85-2144-003,SO# 610101 / 610101,327.272727272727,11.0,2026-02-27,,True,Hardcoded Seed Data,1,seconds,,,2026-02-27 01:21:45.265776,,2026-02-27 01:21:45.265890
43,1,Any,Asy31,A85-2144-003R,SO# 610111 / 610111,327.272727272727,11.0,2026-02-27,,True,Hardcoded Seed Data,1,seconds,,,2026-02-27 01:21:45.266106,,2026-02-27 01:21:45.266217
44,1,Any,Asy31,A85-2144-001,SO# 610121 / 610121,327.272727272727,11.0,2026-02-27,,True,Hardcoded Seed Data,1,seconds,,,2026-02-27 01:21:45.266457,,2026-02-27 01:21:45.266572
45,1,Any,Asy31,A85-2144-001R,SO# 610131 / 610131,327.272727272727,11.0,2026-02-27,,True,Hardcoded Seed Data,1,seconds,,,2026-02-27 01:21:45.266781,,2026-02-27 01:21:45.266957
46,1,Any,400T,A85-2142,SO# 610172 / 610172,137.142857142857,26.25,2026-02-27,,True,Hardcoded Seed Data,1,seconds,,,2026-02-27 01:21:45.267177,,2026-02-27 01:21:45.267322
47,1,Any,400T,18-73837-000,SO# 610210 / 610210,36.000090000225,99.99975,2026-02-27,,True,Hardcoded Seed Data,1,seconds,,,2026-02-27 01:21:45.267555,,2026-02-27 01:21:45.267672
48,1,Any,Asy10,18-73837-000,SO# 610210 / 610210,450.0,8.0,2026-02-27,,True,Hardcoded Seed Data,1,seconds,,,2026-02-27 01:21:45.267880,,2026-02-27 01:21:45.267998
49,1,Any,400T,A85-2143,SO# 610220 / 610220,118.032786885246,30.5,2026-02-27,,True,Hardcoded Seed Data,1,seconds,,,2026-02-27 01:21:45.268220,,2026-02-27 01:21:45.268364
50,1,Any,Asy09,01-35313-000,SO# 610260 / 610260,93.9947780678851,38.3,2026-02-27,,True,Hardcoded Seed Data,1,seconds,,,2026-02-27 01:21:45.268610,,2026-02-27 01:21:45.268722
51,1,Any,Asy09,01-35313-000,SO# 610260 / 610260,93.9947780678851,38.3,2026-02-27,,True,Hardcoded Seed Data,1,seconds,,,2026-02-27 01:21:45.268944,,2026-02-27 01:21:45.269190
52,1,Any,Asy09,01-35313-000,SO# 610261 / 610261,93.9947780678851,38.3,2026-02-27,,True,Hardcoded Seed Data,1,seconds,,,2026-02-27 01:21:45.269431,,2026-02-27 01:21:45.269545
53,1,Any,Asy09,01-35313-001,SO# 610270 / 610270,93.9947780678851,38.3,2026-02-27,,True,Hardcoded Seed Data,1,seconds,,,2026-02-27 01:21:45.269761,,2026-02-27 01:21:45.269869
54,1,Any,500T,23590935,SO# 610280 / 610280,99.0000037125001,36.363635,2026-02-27,,True,Hardcoded Seed Data,1,seconds,,,2026-02-27 01:21:45.270088,,2026-02-27 01:21:45.270201
55,1,Any,500T,23590943,SO# 610290,0.0,0.0,2026-02-27,,True,Hardcoded Seed Data,1,seconds,,,2026-02-27 01:21:45.270457,,2026-02-27 01:21:45.270576
56,1,Any,ASY13,23898854,SO# 610320 / 610320,54.9618320610687,65.5,2026-02-27,,True,Hardcoded Seed Data,1,seconds,,,2026-02-27 01:21:45.270790,,2026-02-27 01:21:45.270900
57,1,Any,Asy09,A62-1061-700,SO# 610350 / 610350,120.0,30.0,2026-02-27,,True,Hardcoded Seed Data,1,seconds,,,2026-02-27 01:21:45.271126,,2026-02-27 01:21:45.271258
58,1,Any,Asy 11,24366617,SO# 610360 / 610360,90.0,40.0,2026-02-27,,True,Hardcoded Seed Data,1,seconds,,,2026-02-27 01:21:45.271499,,2026-02-27 01:21:45.271611
59,1,Any,Unknown,24509739,SO# 610370 / 610370,120.0,30.0,2026-02-27,,True,Hardcoded Seed Data,1,seconds,,,2026-02-27 01:21:45.271824,,2026-02-27 01:21:45.271942
60,1,Any,500T,54034 7BA0A,SO# 610400 / 610400,96.0,37.5,2026-02-27,,True,Hardcoded Seed Data,1,seconds,,,2026-02-27 01:21:45.272154,,2026-02-27 01:21:45.272290
61,1,Any,500T,160300068,SO# 610410 / 610410,160.0,22.5,2026-02-27,,True,Hardcoded Seed Data,1,seconds,,,2026-02-27 01:21:45.272508,,2026-02-27 01:21:45.272623
62,1,Any,500T,160300283,SO# 610450 / 610450,160.0,22.5,2026-02-27,,True,Hardcoded Seed Data,1,seconds,,,2026-02-27 01:21:45.272839,,2026-02-27 01:21:45.272946
63,1,Any,ASY38,18-74797-000,SO# 610470 / 610470,60.0,60.0,2026-02-27,,True,Hardcoded Seed Data,1,seconds,,,2026-02-27 01:21:45.273162,,2026-02-27 01:21:45.273298
64,1,Any,Injection,54034,SO# 610590 / 610590,96.0,37.5,2026-02-27,,True,Hardcoded Seed Data,1,seconds,,,2026-02-27 01:21:45.273517,,2026-02-27 01:21:45.273637
65,1,Any,800T INJ,11286-15,SO# 612010/ 612010,426.666666666667,8.4375,2026-02-27,,True,Hardcoded Seed Data,1,seconds,,,2026-02-27 01:21:45.273858,,2026-02-27 01:21:45.273974
66,1,Any,Asy03,68622598AA,SO# 617400 / 617400,20.0,180.0,2026-02-27,,True,Hardcoded Seed Data,1,seconds,,,2026-02-27 01:21:45.274196,,2026-02-27 01:21:45.275850
67,1,Any,Asy08,A62-1060-700,SO# 620040 / 620040,120.0,30.0,2026-02-27,,True,Hardcoded Seed Data,1,seconds,,,2026-02-27 01:21:45.276070,,2026-02-27 01:21:45.276162
68,1,Any,Asy 01,R62-6020M03,SO# 624110 / 624110,0.0,0.0,2026-02-27,,True,Hardcoded Seed Data,1,seconds,,,2026-02-27 01:21:45.276385,,2026-02-27 01:21:45.276471
69,1,Any,Asy 01,R62-6020M03,SO# 624111 / 624111,0.0,0.0,2026-02-27,,True,Hardcoded Seed Data,1,seconds,,,2026-02-27 01:21:45.276667,,2026-02-27 01:21:45.276750
70,1,Any,350T,15000896,SO# 641780 / 641780,156.000029250005,23.07691875,2026-02-27,,True,Hardcoded Seed Data,1,seconds,,,2026-02-27 01:21:45.276933,,2026-02-27 01:21:45.277016
71,1,Any,600T Comp,121-002140,SO# 642000 / 642000,25.0000324436185,143.999813125,2026-02-27,,True,Hardcoded Seed Data,1,seconds,,,2026-02-27 01:21:45.277211,,2026-02-27 01:21:45.277324
72,1,Any,400T,13248,SO# 642380 / 642380,60.0,60.0,2026-02-27,,True,Hardcoded Seed Data,1,seconds,,,2026-02-27 01:21:45.277510,,2026-02-27 01:21:45.277592
73,1,Any,500T,TLB-13371-45,SO# 642410 / 642410,93.0004262519537,38.7095,2026-02-27,,True,Hardcoded Seed Data,1,seconds,,,2026-02-27 01:21:45.277773,,2026-02-27 01:21:45.277854
74,1,Any,600T Comp,11840-2A,SO# 642800/ 642800,64.0003179535796,56.24972055,2026-02-27,,True,Hardcoded Seed Data,1,seconds,,,2026-02-27 01:21:45.278036,,2026-02-27 01:21:45.278117
75,1,Any,ASY07,65381000,SO# 643740 / 643740,27.6285495011512,130.3,2026-02-27,,True,Hardcoded Seed Data,1,seconds,,,2026-02-27 01:21:45.278329,,2026-02-27 01:21:45.278411
76,1,Any,400T,S1206-EW040,SO# 644140 / 644140,66.2068965517241,54.375,2026-02-27,,True,Hardcoded Seed Data,1,seconds,,,2026-02-27 01:21:45.278624,,2026-02-27 01:21:45.278719
77,1,Any,Service,R62-6013,SO# 645081 / 645081,68.7022900763359,52.4,2026-02-27,,True,Hardcoded Seed Data,1,seconds,,,2026-02-27 01:21:45.278908,,2026-02-27 01:21:45.278989
78,1,Any,800T INJ,R62-6013,SO# 645082 / 645082,106.666666666667,33.75,2026-02-27,,True,Hardcoded Seed Data,1,seconds,,,2026-02-27 01:21:45.279169,,2026-02-27 01:21:45.279275
79,1,Any,600T Comp,121-005933,SO# 645260 / 645260,6.0,600.0,2026-02-27,,True,Hardcoded Seed Data,1,seconds,,,2026-02-27 01:21:45.279512,,2026-02-27 01:21:45.279598
80,1,Any,600T Comp,121-005935,SO# 645270 / 645270,6.0,600.0,2026-02-27,,True,Hardcoded Seed Data,1,seconds,,,2026-02-27 01:21:45.279781,,2026-02-27 01:21:45.279862
81,1,Any,600T Comp,52006404,SO# 649700 / 649700,200.0,18.0,2026-02-27,,True,Hardcoded Seed Data,1,seconds,,,2026-02-27 01:21:45.280041,,2026-02-27 01:21:45.280130
82,1,Any,600T Comp,4668167,SO# 650080/ 650080,1371.42857142857,2.625,2026-02-27,,True,Hardcoded Seed Data,1,seconds,,,2026-02-27 01:21:45.280339,,2026-02-27 01:21:45.280419
83,1,Any,600T Comp,52002750,SO# 651060 / 651060,122.5,29.3877551020408,2026-02-27,,True,Hardcoded Seed Data,1,seconds,,,2026-02-27 01:21:45.280609,,2026-02-27 01:21:45.280691
84,1,Any,600T Comp,04656464AA,SO# 651970 / 651970,240.0,15.0,2026-02-27,,True,Hardcoded Seed Data,1,seconds,,,2026-02-27 01:21:45.280869,,2026-02-27 01:21:45.280956
85,1,Any,600T Comp,52009562,SO# 652170 / 652170,32.0000719889874,112.499746914286,2026-02-27,,True,Hardcoded Seed Data,1,seconds,,,2026-02-27 01:21:45.281140,,2026-02-27 01:21:45.281225
86,1,Any,600T Comp,024209-000,SO# 652390 / 652390,12.5874125874126,286.0,2026-02-27,,True,Hardcoded Seed Data,1,seconds,,,2026-02-27 01:21:45.281437,,2026-02-27 01:21:45.281518
87,1,Any,600T Comp,26953,SO# 652400 / 652400,13.49999983125,266.66667,2026-02-27,,True,Hardcoded Seed Data,1,seconds,,,2026-02-27 01:21:45.281698,,2026-02-27 01:21:45.281780
88,1,Any,150T,GAFRW23675,SO# 652540 / 652540,12.5002138464318,287.9950730625,2026-02-27,,True,Hardcoded Seed Data,1,seconds,,,2026-02-27 01:21:45.281968,,2026-02-27 01:21:45.282052
89,1,Any,600T Comp,14044083,SO# 653360 / 653360,36.0,100.0,2026-02-27,,True,Hardcoded Seed Data,1,seconds,,,2026-02-27 01:21:45.282256,,2026-02-27 01:21:45.282348
90,1,Any,800T Comp,C-30861,SO# 653690 / 653690,20.0,180.0,2026-02-27,,True,Hardcoded Seed Data,1,seconds,,,2026-02-27 01:21:45.282532,,2026-02-27 01:21:45.282614
91,1,Any,Hend Assy,019279-000,SO# 654100 / 654100,22.5,160.0,2026-02-27,,True,Hardcoded Seed Data,1,seconds,,,2026-02-27 01:21:45.282800,,2026-02-27 01:21:45.282885
92,1,Any,Hend Assy,006966-000,SO# 654580 / 654580,31.25,115.2,2026-02-27,,True,Hardcoded Seed Data,1,seconds,,,2026-02-27 01:21:45.283113,,2026-02-27 01:21:45.283308
93,1,Any,ASY,060374-000,SO# 654590 / 654590,4.0,900.0,2026-02-27,,True,Hardcoded Seed Data,1,seconds,,,2026-02-27 01:21:45.283640,,2026-02-27 01:21:45.283739
94,1,Any,800T INJ,18-40587-000,SO# 654600 / 654600,17.0001883243084,211.76236,2026-02-27,,True,Hardcoded Seed Data,1,seconds,,,2026-02-27 01:21:45.283943,,2026-02-27 01:21:45.284040
95,1,Any,800T INJ,18-41503-000,SO# 654650 / 654650,34.001884610416,105.8764842375,2026-02-27,,True,Hardcoded Seed Data,1,seconds,,,2026-02-27 01:21:45.284267,,2026-02-27 01:21:45.284367
96,1,Any,800T INJ,18-41503-001,SO# 654680 / 654680,17.000942305208,211.752968475,2026-02-27,,True,Hardcoded Seed Data,1,seconds,,,2026-02-27 01:21:45.284552,,2026-02-27 01:21:45.284636
97,1,Any,800T INJ,18-41503-002,SO# 654690 / 654690,17.000942305208,211.752968475,2026-02-27,,True,Hardcoded Seed Data,1,seconds,,,2026-02-27 01:21:45.284828,,2026-02-27 01:21:45.284916
98,1,Any,600T Comp,16-15888-000,SO# 654930 / 654930,169.411764705882,21.25,2026-02-27,,True,Hardcoded Seed Data,1,seconds,,,2026-02-27 01:21:45.285108,,2026-02-27 01:21:45.285192
99,1,Any,800T INJ,59257-000S,SO# 655370/ 655370,26.6666666666667,135.0,2026-02-27,,True,Hardcoded Seed Data,1,seconds,,,2026-02-27 01:21:45.285402,,2026-02-27 01:21:45.285486
100,1,Any,800T INJ,18-41503-003,SO# 655440 / 655440,34.001884610416,105.8764842375,2026-02-27,,True,Hardcoded Seed Data,1,seconds,,,2026-02-27 01:21:45.285668,,2026-02-27 01:21:45.285755
101,1,Any,800T INJ,18-41503-004,SO# 655450 / 655450,34.001884610416,105.8764842375,2026-02-27,,True,Hardcoded Seed Data,1,seconds,,,2026-02-27 01:21:45.285943,,2026-02-27 01:21:45.286045
102,1,Any,800T INJ,25728544,SO# 655620 / 655620,114.000080750057,31.578925,2026-02-27,,True,Hardcoded Seed Data,1,seconds,,,2026-02-27 01:21:45.286227,,2026-02-27 01:21:45.286338
103,1,Any,800T INJ,25728545,SO# 655630 / 655630,114.000080750057,31.578925,2026-02-27,,True,Hardcoded Seed Data,1,seconds,,,2026-02-27 01:21:45.286544,,2026-02-27 01:21:45.286634
104,1,Any,800T INJ,25728546,SO# 655640 / 655640,114.000080750057,31.578925,2026-02-27,,True,Hardcoded Seed Data,1,seconds,,,2026-02-27 01:21:45.286821,,2026-02-27 01:21:45.286904
105,1,Any,800T INJ,25741484,SO# 655660 / 655660,114.000080750057,31.578925,2026-02-27,,True,Hardcoded Seed Data,1,seconds,,,2026-02-27 01:21:45.287095,,2026-02-27 01:21:45.287195
106,1,Any,800T INJ,25728543,SO# 655670 / 655670,228.000342000513,15.78945,2026-02-27,,True,Hardcoded Seed Data,1,seconds,,,2026-02-27 01:21:45.287431,,2026-02-27 01:21:45.287515
107,1,Any,800T INJ,52089330AB,SO# 656080 / 656080,200.00019045157,17.999982859375,2026-02-27,,True,Hardcoded Seed Data,1,seconds,,,2026-02-27 01:21:45.287718,,2026-02-27 01:21:45.287806
108,1,Any,800T INJ,52089328AC,SO# 656090 / 656090,200.00019045157,17.999982859375,2026-02-27,,True,Hardcoded Seed Data,1,seconds,,,2026-02-27 01:21:45.288012,,2026-02-27 01:21:45.288103
109,1,Any,500T INJ,8525967,SO# 656800 / 656800,144.0,25.0,2026-02-27,,True,Hardcoded Seed Data,1,seconds,,,2026-02-27 01:21:45.288316,,2026-02-27 01:21:45.288405
110,1,Any,400T,12681-1,SO# 656801 / 656801,80.0,45.0,2026-02-27,,True,Hardcoded Seed Data,1,seconds,,,2026-02-27 01:21:45.288595,,2026-02-27 01:21:45.288694
111,1,Any,TRIM,26118065,SO# 657310 / 657310,358.923230309073,10.03,2026-02-27,,True,Hardcoded Seed Data,1,seconds,,,2026-02-27 01:21:45.288931,,2026-02-27 01:21:45.289015
112,1,Any,Asy01,05085896AA,SO# 657360 / 657360,186.250569098961,19.3288,2026-02-27,,True,Hardcoded Seed Data,1,seconds,,,2026-02-27 01:21:45.289209,,2026-02-27 01:21:45.289329
113,1,Any,800T INJ,064299-004,SO# 657460 / 657460,25.0,144.0,2026-02-27,,True,Hardcoded Seed Data,1,seconds,,,2026-02-27 01:21:45.289522,,2026-02-27 01:21:45.289613
114,1,Any,Asy02,04895412AC,SO# 657490 / 657490,100.37500100375,35.865504,2026-02-27,,True,Hardcoded Seed Data,1,seconds,,,2026-02-27 01:21:45.289813,,2026-02-27 01:21:45.289894
115,1,Any,800T INJ,22186478,SO# 657540 / 657540,60.0,60.0,2026-02-27,,True,Hardcoded Seed Data,1,seconds,,,2026-02-27 01:21:45.290072,,2026-02-27 01:21:45.290155
116,1,Any,800T INJ,PT108-20,SO# 657550 / 657550,9.98751560549313,360.45,2026-02-27,,True,Hardcoded Seed Data,1,seconds,,,2026-02-27 01:21:45.290383,,2026-02-27 01:21:45.290472
117,1,Any,800T INJ,PT108-16,SO# 657600 / 657600,9.98751560549313,360.45,2026-02-27,,True,Hardcoded Seed Data,1,seconds,,,2026-02-27 01:21:45.290667,,2026-02-27 01:21:45.290761
118,1,Any,400T,22049891,SO# 657630/ 657630,262.222222222222,13.728813559322,2026-02-27,,True,Hardcoded Seed Data,1,seconds,,,2026-02-27 01:21:45.290963,,2026-02-27 01:21:45.291073
119,1,Any,800T INJ,PT108-12,SO# 657860 / 657860,9.98751560549313,360.45,2026-02-27,,True,Hardcoded Seed Data,1,seconds,,,2026-02-27 01:21:45.291336,,2026-02-27 01:21:45.291526
120,1,Any,800T INJ,PT108-24,SO# 658060 / 658060,9.98751560549313,360.45,2026-02-27,,True,Hardcoded Seed Data,1,seconds,,,2026-02-27 01:21:45.291923,,2026-02-27 01:21:45.292056
121,1,Any,800T INJ,065743-000,SO# 658120 / 658120,32.2500020156251,111.6279,2026-02-27,,True,Hardcoded Seed Data,1,seconds,,,2026-02-27 01:21:45.292353,,2026-02-27 01:21:45.292490
122,1,Any,800T INJ,6574-3000,SO# 658120/ 658120,17.5609756097561,205.0,2026-02-27,,True,Hardcoded Seed Data,1,seconds,,,2026-02-27 01:21:45.292716,,2026-02-27 01:21:45.292829
123,1,Any,400T,SZ460-027-01,SO# 658150 / 658150,282.352941176471,12.75,2026-02-27,,True,Hardcoded Seed Data,1,seconds,,,2026-02-27 01:21:45.293141,,2026-02-27 01:21:45.293348
124,1,Any,600T Comp,FC-20,SO# 658170 / 658170,8.78048780487805,410.0,2026-02-27,,True,Hardcoded Seed Data,1,seconds,,,2026-02-27 01:21:45.293592,,2026-02-27 01:21:45.293718
125,1,Any,600T Comp,FC-35,SO# 658180 / 658180,7.31707317073171,492.0,2026-02-27,,True,Hardcoded Seed Data,1,seconds,,,2026-02-27 01:21:45.293995,,2026-02-27 01:21:45.294116
126,1,Any,600T Comp,FC-52,SO# 658190 / 658190,5.85365853658537,615.0,2026-02-27,,True,Hardcoded Seed Data,1,seconds,,,2026-02-27 01:21:45.294432,,2026-02-27 01:21:45.296653
127,1,Any,600T Comp,FC-70,SO# 658200 / 658200,5.85365853658537,615.0,2026-02-27,,True,Hardcoded Seed Data,1,seconds,,,2026-02-27 01:21:45.296898,,2026-02-27 01:21:45.296998
128,1,Any,600T Comp,DSR108-63,SO# 658210 / 658210,8.07174887892377,446.0,2026-02-27,,True,Hardcoded Seed Data,1,seconds,,,2026-02-27 01:21:45.297212,,2026-02-27 01:21:45.297447
129,1,Any,600T Comp,DSR108-75,SO# 658220 / 658220,8.07174887892377,446.0,2026-02-27,,True,Hardcoded Seed Data,1,seconds,,,2026-02-27 01:21:45.297719,,2026-02-27 01:21:45.297811
130,1,Any,600T Comp,DSR108-100,SO# 658240 / 658240,8.07174887892377,446.0,2026-02-27,,True,Hardcoded Seed Data,1,seconds,,,2026-02-27 01:21:45.298023,,2026-02-27 01:21:45.298112
131,1,Any,600T Comp,04721746AB,SO# 658490 / 658490,111.000013638883,32.4324284473684,2026-02-27,,True,Hardcoded Seed Data,1,seconds,,,2026-02-27 01:21:45.298443,,2026-02-27 01:21:45.298529
132,1,Any,Asy 03,18-59922-000,SO# 658800 / 658800,100.0,36.0,2026-02-27,,True,Hardcoded Seed Data,1,seconds,,,2026-02-27 01:21:45.298719,,2026-02-27 01:21:45.298828
133,1,Any,350T,VS-RSB-01,SO# 658940 / 658940,3.50000043750005,1028.5713,2026-02-27,,True,Hardcoded Seed Data,1,seconds,,,2026-02-27 01:21:45.299057,,2026-02-27 01:21:45.299151
134,1,Any,Asy01,05006386AA,SO# 659300 / 659300,162.750115281332,22.1198,2026-02-27,,True,Hardcoded Seed Data,1,seconds,,,2026-02-27 01:21:45.299407,,2026-02-27 01:21:45.299497
135,1,Any,Asy05,3836802C97,SO# 659770 / 659770,50.3750069440548,71.46401,2026-02-27,,True,Hardcoded Seed Data,1,seconds,,,2026-02-27 01:21:45.299805,,2026-02-27 01:21:45.299965
136,1,Any,Asy05,3841766C95,SO# 659780 / 659780,38.0000168888964,94.7368,2026-02-27,,True,Hardcoded Seed Data,1,seconds,,,2026-02-27 01:21:45.300312,,2026-02-27 01:21:45.300460
137,1,Any,Asy05,3839857C95,SO# 659790 / 659790,92.8750157694037,38.76177,2026-02-27,,True,Hardcoded Seed Data,1,seconds,,,2026-02-27 01:21:45.300735,,2026-02-27 01:21:45.300827
138,1,Any,800T Comp,D25364,SO# 659830 / 659830,21.6,166.666666666667,2026-02-27,,True,Hardcoded Seed Data,1,seconds,,,2026-02-27 01:21:45.301017,,2026-02-27 01:21:45.301099
139,1,Any,600T Comp,8419981,SO# 660220 / 660220,1.875,1920.0,2026-02-27,,True,Hardcoded Seed Data,1,seconds,,,2026-02-27 01:21:45.339779,,2026-02-27 01:21:45.339954
140,1,Any,600T Comp,8361943,SO# 660490 / 660490,1.875,1920.0,2026-02-27,,True,Hardcoded Seed Data,1,seconds,,,2026-02-27 01:21:45.340321,,2026-02-27 01:21:45.340480
141,1,Any,600T Comp,L010035,SO# 660550/ 660550,166.95652173913,21.5625,2026-02-27,,True,Hardcoded Seed Data,1,seconds,,,2026-02-27 01:21:45.340755,,2026-02-27 01:21:45.340901
142,1,Any,600T Comp,8381227,SO# 660910 / 660910,5.71428571428571,630.0,2026-02-27,,True,Hardcoded Seed Data,1,seconds,,,2026-02-27 01:21:45.341198,,2026-02-27 01:21:45.341327
143,1,Any,600T Comp,8194450,SO# 661130 / 661130,10.0005803531235,359.9791085,2026-02-27,,True,Hardcoded Seed Data,1,seconds,,,2026-02-27 01:21:45.341561,,2026-02-27 01:21:45.341676
144,1,Any,600T Comp,8194449,SO# 661250 / 661250,10.0,360.0,2026-02-27,,True,Hardcoded Seed Data,1,seconds,,,2026-02-27 01:21:45.341878,,2026-02-27 01:21:45.341966
145,1,Any,600T Comp,8332268,SO# 661270 / 661270,1.875,1920.0,2026-02-27,,True,Hardcoded Seed Data,1,seconds,,,2026-02-27 01:21:45.342161,,2026-02-27 01:21:45.342325
146,1,Any,600T Comp,8431436,SO# 661690 / 661690,5.71428571428571,630.0,2026-02-27,,True,Hardcoded Seed Data,1,seconds,,,2026-02-27 01:21:45.342528,,2026-02-27 01:21:45.342616
147,1,Any,600T Comp,8491288,SO# 662390 / 662390,5.71428571428571,630.0,2026-02-27,,True,Hardcoded Seed Data,1,seconds,,,2026-02-27 01:21:45.342801,,2026-02-27 01:21:45.342910
148,1,Any,Trim,9094306,SO# 662920,116.750029430737,30.83511,2026-02-27,,True,Hardcoded Seed Data,1,seconds,,,2026-02-27 01:21:45.343144,,2026-02-27 01:21:45.343229
149,1,Any,600T Comp,9313607,SO# 663080 / 663080,4.28571428571429,840.0,2026-02-27,,True,Hardcoded Seed Data,1,seconds,,,2026-02-27 01:21:45.343454,,2026-02-27 01:21:45.343541
150,1,Any,600T Comp,22822466,SO# 663720 / 663720,196.363636363636,18.3333333333333,2026-02-27,,True,Hardcoded Seed Data,1,seconds,,,2026-02-27 01:21:45.343795,,2026-02-27 01:21:45.343899
151,1,Any,600T Comp,9500661,SO# 664250 / 664250,3.50001166670556,1028.568,2026-02-27,,True,Hardcoded Seed Data,1,seconds,,,2026-02-27 01:21:45.344090,,2026-02-27 01:21:45.344177
152,1,Any,Asy03,68051255AC,SO# 664630 / 664630,87.5912408759124,41.1,2026-02-27,,True,Hardcoded Seed Data,1,seconds,,,2026-02-27 01:21:45.344441,,2026-02-27 01:21:45.344529
153,1,Any,600T Comp,11919-2A,SO# 665030/ 665030,160.0,22.5,2026-02-27,,True,Hardcoded Seed Data,1,seconds,,,2026-02-27 01:21:45.344725,,2026-02-27 01:21:45.344815
154,1,Any,150T,25011836,SO# 671050 / 671050,35.2941176470588,102.0,2026-02-27,,True,Hardcoded Seed Data,1,seconds,,,2026-02-27 01:21:45.345056,,2026-02-27 01:21:45.345149
155,1,Any,Asy 38,U30023,SO# 671180 / 671180,42.5029515938607,84.7,2026-02-27,,True,Hardcoded Seed Data,1,seconds,,,2026-02-27 01:21:45.345362,,2026-02-27 01:21:45.345449
156,1,Any,Asy 38,U30024,SO# 671190 / 671190,42.5029515938607,84.7,2026-02-27,,True,Hardcoded Seed Data,1,seconds,,,2026-02-27 01:21:45.345657,,2026-02-27 01:21:45.345773
157,1,Any,ASY38,U30027,SO# 671220 / 671220,42.5029515938607,84.7,2026-02-27,,True,Hardcoded Seed Data,1,seconds,,,2026-02-27 01:21:45.345970,,2026-02-27 01:21:45.346054
158,1,Any,600T Comp,R351015104,SO# 671250 / 671250,67.6056338028169,53.25,2026-02-27,,True,Hardcoded Seed Data,1,seconds,,,2026-02-27 01:21:45.346264,,2026-02-27 01:21:45.346397
159,1,Any,500T,TLB-13371-55,SO# 671410 / 671410,94.1176470588235,38.25,2026-02-27,,True,Hardcoded Seed Data,1,seconds,,,2026-02-27 01:21:45.346604,,2026-02-27 01:21:45.346691
160,1,Any,Asy04,013472-1,SO# 671580 / 671580,34.6487006737247,103.9,2026-02-27,,True,Hardcoded Seed Data,1,seconds,,,2026-02-27 01:21:45.346888,,2026-02-27 01:21:45.346987
161,1,Any,Asy04,013472-2,SO# 671590 / 671590,45.1297480255735,79.77,2026-02-27,,True,Hardcoded Seed Data,1,seconds,,,2026-02-27 01:21:45.347255,,2026-02-27 01:21:45.347345
162,1,Any,350T,17-20709-001,SO# 672210 / 672210,128.0,28.125,2026-02-27,,True,Hardcoded Seed Data,1,seconds,,,2026-02-27 01:21:45.347547,,2026-02-27 01:21:45.347631
163,1,Any,350T,17-20709-001,SO# 672211 / 672211,128.0,28.125,2026-02-27,,True,Hardcoded Seed Data,1,seconds,,,2026-02-27 01:21:45.347890,,2026-02-27 01:21:45.347980
164,1,Any,350T,17-20709-000,SO# 672221 / 672221,192.0,18.75,2026-02-27,,True,Hardcoded Seed Data,1,seconds,,,2026-02-27 01:21:45.348177,,2026-02-27 01:21:45.348327
165,1,Any,350T,A17-20868-000,SO# 672610 / 672610,53.3333333333333,67.5,2026-02-27,,True,Hardcoded Seed Data,1,seconds,,,2026-02-27 01:21:45.348666,,2026-02-27 01:21:45.348770
166,1,Any,400T,01-33964-000,SO# 672640 / 672640,28.2352941176471,127.5,2026-02-27,,True,Hardcoded Seed Data,1,seconds,,,2026-02-27 01:21:45.348977,,2026-02-27 01:21:45.349070
167,1,Any,400T,01-33964-000,SO# 672641 / 672641,28.2352941176471,127.5,2026-02-27,,True,Hardcoded Seed Data,1,seconds,,,2026-02-27 01:21:45.349342,,2026-02-27 01:21:45.349470
168,1,Any,500T,01-33963-000,SO# 672650 / 672650,28.2352941176471,127.5,2026-02-27,,True,Hardcoded Seed Data,1,seconds,,,2026-02-27 01:21:45.349697,,2026-02-27 01:21:45.349782
169,1,Any,500T,01-33963-000,SO# 672651 / 672651,28.2352941176471,127.5,2026-02-27,,True,Hardcoded Seed Data,1,seconds,,,2026-02-27 01:21:45.350025,,2026-02-27 01:21:45.350124
170,1,Any,Asy04,14432,SO# 672800 / 672800,51.2820512820513,70.2,2026-02-27,,True,Hardcoded Seed Data,1,seconds,,,2026-02-27 01:21:45.350336,,2026-02-27 01:21:45.350421
171,1,Any,800T INJ,RPB707-006SP,SO# 672961 / 672961,5.49996642728827,654.54945,2026-02-27,,True,Hardcoded Seed Data,1,seconds,,,2026-02-27 01:21:45.350656,,2026-02-27 01:21:45.350760
172,1,Any,800T INJ,RPB707-005SP,SO# 672980 / 672980,5.49996642728827,654.54945,2026-02-27,,True,Hardcoded Seed Data,1,seconds,,,2026-02-27 01:21:45.350957,,2026-02-27 01:21:45.351039
173,1,Any,Inj 07,RPB707-005-SP,SO# 672981 / 672981,1.37614678899083,2616.0,2026-02-27,,True,Hardcoded Seed Data,1,seconds,,,2026-02-27 01:21:45.351233,,2026-02-27 01:21:45.351393
174,1,Any,800T INJ,RPB707-004SP,SO# 673020 / 673020,8.25001203126754,436.363,2026-02-27,,True,Hardcoded Seed Data,1,seconds,,,2026-02-27 01:21:45.351604,,2026-02-27 01:21:45.351689
175,1,Any,600T Comp,317844,SO# 674270 / 674270,175.000021875003,20.571426,2026-02-27,,True,Hardcoded Seed Data,1,seconds,,,2026-02-27 01:21:45.351874,,2026-02-27 01:21:45.351994
176,1,Any,600T Comp,J0687550,SO# 674460 / 674460,631.304347826087,5.70247933884298,2026-02-27,,True,Hardcoded Seed Data,1,seconds,,,2026-02-27 01:21:45.352226,,2026-02-27 01:21:45.352335
177,1,Any,600T Comp,55254847,SO# 674490 / 674490,234.782608695652,15.3333333333333,2026-02-27,,True,Hardcoded Seed Data,1,seconds,,,2026-02-27 01:21:45.352530,,2026-02-27 01:21:45.352635
178,1,Any,500T,54034 4BA0D,SO# 674581 / 674581,96.0,37.5,2026-02-27,,True,Hardcoded Seed Data,1,seconds,,,2026-02-27 01:21:45.352872,,2026-02-27 01:21:45.352956
179,1,Any,Trim,N801951S,SO# 674650 / 674650,1846.15384615385,1.95,2026-02-27,,True,Hardcoded Seed Data,1,seconds,,,2026-02-27 01:21:45.353151,,2026-02-27 01:21:45.353257
180,1,Any,Trim,N801951S,SO# 674650 / 674650,1836.73469387755,1.96,2026-02-27,,True,Hardcoded Seed Data,1,seconds,,,2026-02-27 01:21:45.353517,,2026-02-27 01:21:45.353601
181,1,Any,600T Comp,15660768,SO# 674740 / 674740,77.7777777777778,46.2857142857143,2026-02-27,,True,Hardcoded Seed Data,1,seconds,,,2026-02-27 01:21:45.353809,,2026-02-27 01:21:45.353894
182,1,Any,600T Comp,3814463C2,SO# 674910 / 674910,520.0,6.92307692307692,2026-02-27,,True,Hardcoded Seed Data,1,seconds,,,2026-02-27 01:21:45.354139,,2026-02-27 01:21:45.354256
183,1,Any,400T,3824332C1,SO# 674950 / 674950,64.0,56.25,2026-02-27,,True,Hardcoded Seed Data,1,seconds,,,2026-02-27 01:21:45.354450,,2026-02-27 01:21:45.354533
184,1,Any,800T Comp,C-21824,SO# 675160 / 675160,20.0,180.0,2026-02-27,,True,Hardcoded Seed Data,1,seconds,,,2026-02-27 01:21:45.354760,,2026-02-27 01:21:45.354876
185,1,Any,Asy05,F67Z 3069 AA,SO# 675180 / 675180,125.0,28.8,2026-02-27,,True,Hardcoded Seed Data,1,seconds,,,2026-02-27 01:21:45.355069,,2026-02-27 01:21:45.355165
186,1,Any,600T Comp,5083EU,SO# 675210 / 675210,391.011235955056,9.20689655172414,2026-02-27,,True,Hardcoded Seed Data,1,seconds,,,2026-02-27 01:21:45.355413,,2026-02-27 01:21:45.355563
187,1,Any,600T Comp,TA108-005,SO# 675890 / 675890,14.4,250.0,2026-02-27,,True,Hardcoded Seed Data,1,seconds,,,2026-02-27 01:21:45.355789,,2026-02-27 01:21:45.355914
188,1,Any,800T INJ,UO108-003P,SO# 675901 / 675901,5.0,720.0,2026-02-27,,True,Hardcoded Seed Data,1,seconds,,,2026-02-27 01:21:45.358186,,2026-02-27 01:21:45.358315
189,1,Any,800T INJ,UO108-030,SO# 675940 / 675940,5.0,720.0,2026-02-27,,True,Hardcoded Seed Data,1,seconds,,,2026-02-27 01:21:45.358529,,2026-02-27 01:21:45.358617
190,1,Any,Asy06,15030648,SO# 676210 / 676210,12.5,288.0,2026-02-27,,True,Hardcoded Seed Data,1,seconds,,,2026-02-27 01:21:45.358890,,2026-02-27 01:21:45.358979
191,1,Any,600T Comp,22-65331-000,SO# 676250 / 676250,320.0,11.25,2026-02-27,,True,Hardcoded Seed Data,1,seconds,,,2026-02-27 01:21:45.359178,,2026-02-27 01:21:45.359287
192,1,Any,Asy05,EOTZ 5781 B,SO# 677000 / 677000,130.628832686237,27.559,2026-02-27,,True,Hardcoded Seed Data,1,seconds,,,2026-02-27 01:21:45.359553,,2026-02-27 01:21:45.359636
193,1,Any,Asy05,1L5Z 5A546 AA,SO# 677081 / 677081,26.1248185776488,137.8,2026-02-27,,True,Hardcoded Seed Data,1,seconds,,,2026-02-27 01:21:45.359824,,2026-02-27 01:21:45.359909
194,1,Any,600T Comp,1L5Z 5A546 AA,SO# 677081 / 677081,514.285714285714,7.0,2026-02-27,,True,Hardcoded Seed Data,1,seconds,,,2026-02-27 01:21:45.360144,,2026-02-27 01:21:45.360255
195,1,Any,600T Comp,EOTZ-5781-B,SO# 677170 / 677170,3780.05357910944,0.952367453174603,2026-02-27,,True,Hardcoded Seed Data,1,seconds,,,2026-02-27 01:21:45.360455,,2026-02-27 01:21:45.360537
196,1,Any,Asy05,EOTZ 5781 E,SO# 677170 / 677170,60.0,60.0,2026-02-27,,True,Hardcoded Seed Data,1,seconds,,,2026-02-27 01:21:45.360765,,2026-02-27 01:21:45.360868
197,1,Any,Asy05,F75Z 3A443 AB,SO# 677230 / 677230,149.875104079933,24.02,2026-02-27,,True,Hardcoded Seed Data,1,seconds,,,2026-02-27 01:21:45.361057,,2026-02-27 01:21:45.361138
198,1,Any,Asy05,E4TZ 3B177 A,SO# 677250 / 677250,600.000087600013,5.999999124,2026-02-27,,True,Hardcoded Seed Data,1,seconds,,,2026-02-27 01:21:45.361358,,2026-02-27 01:21:45.361487
199,1,Any,600T Comp,TO108-007,SO# 677640 / 677640,520.000003798889,6.9230768725,2026-02-27,,True,Hardcoded Seed Data,1,seconds,,,2026-02-27 01:21:45.361687,,2026-02-27 01:21:45.361773
200,1,Any,600T Comp,UO108-002,SO# 677650 / 677650,7.5,480.0,2026-02-27,,True,Hardcoded Seed Data,1,seconds,,,2026-02-27 01:21:45.361953,,2026-02-27 01:21:45.362054
201,1,Any,600T Comp,AO108-004,SO# 677670 / 677670,4.8,750.0,2026-02-27,,True,Hardcoded Seed Data,1,seconds,,,2026-02-27 01:21:45.362316,,2026-02-27 01:21:45.362405
202,1,Any,600T Comp,AO108-004,SO# 677670 / 677670,7.5,480.0,2026-02-27,,True,Hardcoded Seed Data,1,seconds,,,2026-02-27 01:21:45.362601,,2026-02-27 01:21:45.362683
203,1,Any,600T Comp,EZ108-005,SO# 677700 / 677700,5.0,720.0,2026-02-27,,True,Hardcoded Seed Data,1,seconds,,,2026-02-27 01:21:45.362937,,2026-02-27 01:21:45.363023
204,1,Any,600T Comp,EZ108-005,SO# 677700 / 677700,9.6,375.0,2026-02-27,,True,Hardcoded Seed Data,1,seconds,,,2026-02-27 01:21:45.363207,,2026-02-27 01:21:45.363317
205,1,Any,Trim,22-65332-000,SO# 677750 / 677750,1000.00000361111,3.599999987,2026-02-27,,True,Hardcoded Seed Data,1,seconds,,,2026-02-27 01:21:45.363572,,2026-02-27 01:21:45.363655
206,1,Any,Trim,22-65332-000,SO# 677750 / 677750,1000.00000361111,3.599999987,2026-02-27,,True,Hardcoded Seed Data,1,seconds,,,2026-02-27 01:21:45.363841,,2026-02-27 01:21:45.363927
207,1,Any,600T Comp,TO108-002,SO# 677780 / 677780,5.0,720.0,2026-02-27,,True,Hardcoded Seed Data,1,seconds,,,2026-02-27 01:21:45.364155,,2026-02-27 01:21:45.364282
208,1,Any,800T INJ,UO108-010,SO# 678650 / 678650,4.8,750.0,2026-02-27,,True,Hardcoded Seed Data,1,seconds,,,2026-02-27 01:21:45.364481,,2026-02-27 01:21:45.364567
209,1,Any,CMP,TLB10860 10,SO# 678680 / 678680,800.0,4.5,2026-02-27,,True,Hardcoded Seed Data,1,seconds,,,2026-02-27 01:21:45.364781,,2026-02-27 01:21:45.364904
210,1,Any,Asy38,11728,SO# 678780 / 678780,42.5029515938607,84.7,2026-02-27,,True,Hardcoded Seed Data,1,seconds,,,2026-02-27 01:21:45.365097,,2026-02-27 01:21:45.365181
211,1,Any,ASY38,11681,SO# 676791 / 676791,0.0,0.0,2026-02-27,,True,Hardcoded Seed Data,1,seconds,,,2026-02-27 01:21:45.365396,,2026-02-27 01:21:45.365528
212,1,Any,800T INJ,060374-000A,SO# 678970 / 678970,57.1428571428571,63.0,2026-02-27,,True,Hardcoded Seed Data,1,seconds,,,2026-02-27 01:21:45.365736,,2026-02-27 01:21:45.365822
213,1,Any,400T,05-16401,SO# 678990 / 678990,62.0000038750002,58.0645125,2026-02-27,,True,Hardcoded Seed Data,1,seconds,,,2026-02-27 01:21:45.366059,,2026-02-27 01:21:45.366191
214,1,Any,Trim,05-16401,SO# 678991 / 678991,60.0750938673342,59.925,2026-02-27,,True,Hardcoded Seed Data,1,seconds,,,2026-02-27 01:21:45.366435,,2026-02-27 01:21:45.366536
215,1,Any,600T Comp,14-14656,SO# 679000 / 679000,34.2857142857143,105.0,2026-02-27,,True,Hardcoded Seed Data,1,seconds,,,2026-02-27 01:21:45.366760,,2026-02-27 01:21:45.366886
216,1,Any,800T INJ,2A23708-1,SO# 679230 / 679230,118.032786885246,30.5,2026-02-27,,True,Hardcoded Seed Data,1,seconds,,,2026-02-27 01:21:45.367117,,2026-02-27 01:21:45.367207
217,1,Any,600T Comp,TLB15 0260 60,SO# 679270 / 679270,34.2857142857143,105.0,2026-02-27,,True,Hardcoded Seed Data,1,seconds,,,2026-02-27 01:21:45.367483,,2026-02-27 01:21:45.367596
218,1,Any,Asy38,12447,SO# 679351 / 679351,42.5029515938607,84.7,2026-02-27,,True,Hardcoded Seed Data,1,seconds,,,2026-02-27 01:21:45.367798,,2026-02-27 01:21:45.367886
219,1,Any,Asy38,12448,SO# 679360 / 679360,42.5029515938607,84.7,2026-02-27,,True,Hardcoded Seed Data,1,seconds,,,2026-02-27 01:21:45.368083,,2026-02-27 01:21:45.368215
220,1,Any,Asy02,05181575AA,SO# 679590 / 679590,75.0,48.0,2026-02-27,,True,Hardcoded Seed Data,1,seconds,,,2026-02-27 01:21:45.368431,,2026-02-27 01:21:45.368515
221,1,Any,800T INJ,04895372AB,SO# 679670 / 679670,174.545454545455,20.625,2026-02-27,,True,Hardcoded Seed Data,1,seconds,,,2026-02-27 01:21:45.368719,,2026-02-27 01:21:45.368838
222,1,Any,600T Comp,RL108-010P,SO# 679690 / 679690,8.2500001203125,436.36363,2026-02-27,,True,Hardcoded Seed Data,1,seconds,,,2026-02-27 01:21:45.369055,,2026-02-27 01:21:45.369136
223,1,Any,Asy 02,04895413AE,SO# 679780 / 679780,135.849056603774,26.5,2026-02-27,,True,Hardcoded Seed Data,1,seconds,,,2026-02-27 01:21:45.369349,,2026-02-27 01:21:45.369434
224,1,Any,Asy 02,04895414AE,SO# 679790 / 679790,81.2641083521445,44.3,2026-02-27,,True,Hardcoded Seed Data,1,seconds,,,2026-02-27 01:21:45.369690,,2026-02-27 01:21:45.369782
225,1,Any,800T INJ,PT108-010P,SO# 679920 / 679920,20.0,180.0,2026-02-27,,True,Hardcoded Seed Data,1,seconds,,,2026-02-27 01:21:45.369969,,2026-02-27 01:21:45.370053
226,1,Any,Asy 38,A85-2010-201,SO# 680040 / 680040,42.5029515938607,84.7,2026-02-27,,True,Hardcoded Seed Data,1,seconds,,,2026-02-27 01:21:45.370334,,2026-02-27 01:21:45.370427
227,1,Any,Asy 38,A85-2010-201R,SO# 680050 / 680050,42.5029515938607,84.7,2026-02-27,,True,Hardcoded Seed Data,1,seconds,,,2026-02-27 01:21:45.370649,,2026-02-27 01:21:45.370741
228,1,Any,Asy 38,A85-2010-206,SO# 680140 / 680140,42.5029515938607,84.7,2026-02-27,,True,Hardcoded Seed Data,1,seconds,,,2026-02-27 01:21:45.371013,,2026-02-27 01:21:45.371104
229,1,Any,Asy 38,A85-2010-206R,SO# 680150 / 680150,42.5029515938607,84.7,2026-02-27,,True,Hardcoded Seed Data,1,seconds,,,2026-02-27 01:21:45.371328,,2026-02-27 01:21:45.371426
230,1,Any,Asy 38,A85-2010-207,SO# 680160 / 680160,42.5029515938607,84.7,2026-02-27,,True,Hardcoded Seed Data,1,seconds,,,2026-02-27 01:21:45.371665,,2026-02-27 01:21:45.371767
231,1,Any,Asy 38,A85-2010-208R,SO# 680160 / 680161,42.5029515938607,84.7,2026-02-27,,True,Hardcoded Seed Data,1,seconds,,,2026-02-27 01:21:45.371961,,2026-02-27 01:21:45.372044
232,1,Any,Asy 38,A85-2010-207R,SO# 680170 / 680170,42.5029515938607,84.7,2026-02-27,,True,Hardcoded Seed Data,1,seconds,,,2026-02-27 01:21:45.372282,,2026-02-27 01:21:45.372400
233,1,Any,Asy 38,A85-2010-208R,SO# 680190 / 680190,42.5029515938607,84.7,2026-02-27,,True,Hardcoded Seed Data,1,seconds,,,2026-02-27 01:21:45.372599,,2026-02-27 01:21:45.372680
234,1,Any,Asy 38,A85-2011-101,SO# 680280 / 680280,42.5029515938607,84.7,2026-02-27,,True,Hardcoded Seed Data,1,seconds,,,2026-02-27 01:21:45.372872,,2026-02-27 01:21:45.373002
235,1,Any,Asy 38,A85-2011-101R,SO# 680290 / 680280,42.5029515938607,84.7,2026-02-27,,True,Hardcoded Seed Data,1,seconds,,,2026-02-27 01:21:45.373216,,2026-02-27 01:21:45.373329
236,1,Any,Asy 38,A85-2011-102,SO# 680300 / 680300,42.5029515938607,84.7,2026-02-27,,True,Hardcoded Seed Data,1,seconds,,,2026-02-27 01:21:45.373526,,2026-02-27 01:21:45.373636
237,1,Any,Asy 38,A85-2011-102R,SO# 680310 / 680310,42.5029515938607,84.7,2026-02-27,,True,Hardcoded Seed Data,1,seconds,,,2026-02-27 01:21:45.373881,,2026-02-27 01:21:45.373966
238,1,Any,Asy 38,A85-2011-108,SO# 680360 / 680360,42.5029515938607,84.7,2026-02-27,,True,Hardcoded Seed Data,1,seconds,,,2026-02-27 01:21:45.374149,,2026-02-27 01:21:45.374230
239,1,Any,Asy 38,A85-2011-108R,SO# 680370 / 680370,42.5029515938607,84.7,2026-02-27,,True,Hardcoded Seed Data,1,seconds,,,2026-02-27 01:21:45.374505,,2026-02-27 01:21:45.374591
240,1,Any,400T,4083015C92,SO# 682130 / 682130,30.9677419354839,116.25,2026-02-27,,True,Hardcoded Seed Data,1,seconds,,,2026-02-27 01:21:45.374789,,2026-02-27 01:21:45.374878
241,1,Any,500T,84528195,SO# 682141/ 682141,56.6929133858268,63.5,2026-02-27,,True,Hardcoded Seed Data,1,seconds,,,2026-02-27 01:21:45.375126,,2026-02-27 01:21:45.375215
242,1,Any,800T INJ,UO108-011P,SO# 682190 / 682190,5.0,720.0,2026-02-27,,True,Hardcoded Seed Data,1,seconds,,,2026-02-27 01:21:45.375442,,2026-02-27 01:21:45.375539
243,1,Any,800T INJ,UO108-035P,SO# 682210 / 682210,61.9354838709677,58.125,2026-02-27,,True,Hardcoded Seed Data,1,seconds,,,2026-02-27 01:21:45.375774,,2026-02-27 01:21:45.375876
244,1,Any,800T INJ,UO108-030P,SO# 682220 / 682220,5.0,720.0,2026-02-27,,True,Hardcoded Seed Data,1,seconds,,,2026-02-27 01:21:45.376085,,2026-02-27 01:21:45.376194
245,1,Any,600T Comp,4228564,56128,396.000000935,9.09090906944444,2026-02-27,,True,Hardcoded Seed Data,1,seconds,,,2026-02-27 01:23:43.907071,,2026-02-27 01:23:43.907202
246,1,Any,600T Comp,4348325,56440,1440.0,2.5,2026-02-27,,True,Hardcoded Seed Data,1,seconds,,,2026-02-27 01:23:43.907563,,2026-02-27 01:23:43.907667
247,1,Any,600T Comp,3751510,56547,324.324324324324,11.1,2026-02-27,,True,Hardcoded Seed Data,1,seconds,,,2026-02-27 01:23:43.907881,,2026-02-27 01:23:43.907972
248,1,Any,600T Comp,2860332,57463 / 6193,200.000000925926,17.9999999166667,2026-02-27,,True,Hardcoded Seed Data,1,seconds,,,2026-02-27 01:23:43.908169,,2026-02-27 01:23:43.908287
249,1,Any,INJ 31,CP5100-060,SO# 51730 / 51730,30.6818190534608,117.33333,2026-02-27,,True,Hardcoded Seed Data,1,seconds,,,2026-02-27 01:23:43.908486,,2026-02-27 01:23:43.908572
250,1,Any,500T,23620238,SO# 517300 / 517300,24.0,150.0,2026-02-27,,True,Hardcoded Seed Data,1,seconds,,,2026-02-27 01:23:43.908761,,2026-02-27 01:23:43.908847
251,1,Any,Inj28,60374000,SO# 52022 / 52022,12.0,300.0,2026-02-27,,True,Hardcoded Seed Data,1,seconds,,,2026-02-27 01:23:43.909035,,2026-02-27 01:23:43.909122
252,1,Any,500T,23898854,SO# 52025 / 52025,660.000055000005,5.454545,2026-02-27,,True,Hardcoded Seed Data,1,seconds,,,2026-02-27 01:23:43.909333,,2026-02-27 01:23:43.909422
253,1,Any,Unknown,SS-CK6117-070,SO# 52030 / 52030,240.0,15.0,2026-02-27,,True,Hardcoded Seed Data,1,seconds,,,2026-02-27 01:23:43.909615,,2026-02-27 01:23:43.909700
254,1,Any,500T,24366617,SO# 52035 / 52035,180.0,20.0,2026-02-27,,True,Hardcoded Seed Data,1,seconds,,,2026-02-27 01:23:43.909885,,2026-02-27 01:23:43.909971
255,1,Any,Injection,SS-CP5172-060,SO# 54045 / 54045,24.0,150.0,2026-02-27,,True,Hardcoded Seed Data,1,seconds,,,2026-02-27 01:23:43.910156,,2026-02-27 01:23:43.910267
256,1,Any,150T,9791-3,SO# 543590 / 543590,22.8571428571429,157.5,2026-02-27,,True,Hardcoded Seed Data,1,seconds,,,2026-02-27 01:23:43.910462,,2026-02-27 01:23:43.910547
257,1,Any,Inj29,11271-5,SO# 545080 / 545080,120.0,30.0,2026-02-27,,True,Hardcoded Seed Data,1,seconds,,,2026-02-27 01:23:43.910734,,2026-02-27 01:23:43.910819
258,1,Any,600T Comp,N801951S,SO# 54841 / 54841,214.285714285714,16.8,2026-02-27,,True,Hardcoded Seed Data,1,seconds,,,2026-02-27 01:23:43.911003,,2026-02-27 01:23:43.911092
259,1,Any,600T Comp,52039187,SO# 55251 / 5994,300.0,12.0,2026-02-27,,True,Hardcoded Seed Data,1,seconds,,,2026-02-27 01:23:43.911304,,2026-02-27 01:23:43.911405
260,1,Any,600T Comp,006966-000,SO# 554720 / 554720,77.1428571428572,46.6666666666667,2026-02-27,,True,Hardcoded Seed Data,1,seconds,,,2026-02-27 01:23:43.911593,,2026-02-27 01:23:43.911679
261,1,Any,600T Comp,6729,SO# 554850 / 554850,100.0,36.0,2026-02-27,,True,Hardcoded Seed Data,1,seconds,,,2026-02-27 01:23:43.911862,,2026-02-27 01:23:43.911944
262,1,Any,400T,26118065,SO# 55731 / 55731,180.0,20.0,2026-02-27,,True,Hardcoded Seed Data,1,seconds,,,2026-02-27 01:23:43.912122,,2026-02-27 01:23:43.912205
263,1,Any,INJ18,04895412AC,SO# 558000 / 558000,160.0,22.5,2026-02-27,,True,Hardcoded Seed Data,1,seconds,,,2026-02-27 01:23:43.912410,,2026-02-27 01:23:43.912495
264,1,Any,600T Comp,10596,SO# 558690 / 558690,182.857142857143,19.6875,2026-02-27,,True,Hardcoded Seed Data,1,seconds,,,2026-02-27 01:23:43.912677,,2026-02-27 01:23:43.912760
265,1,Any,Inj 18,9932-2,SO# 558880 / 558880,128.0,28.125,2026-02-27,,True,Hardcoded Seed Data,1,seconds,,,2026-02-27 01:23:43.912937,,2026-02-27 01:23:43.913018
266,1,Any,Inj 38,11459-2,SO# 559560 / 559560,36.0000090000023,99.999975,2026-02-27,,True,Hardcoded Seed Data,1,seconds,,,2026-02-27 01:23:43.913198,,2026-02-27 01:23:43.913316
267,1,Any,600T Comp,9094306,SO# 56448,26.2505468863935,137.14,2026-02-27,,True,Hardcoded Seed Data,1,seconds,,,2026-02-27 01:23:43.913507,,2026-02-27 01:23:43.913592
268,1,Any,400T,68622598AA,SO# 56488 / 56488,200.0,18.0,2026-02-27,,True,Hardcoded Seed Data,1,seconds,,,2026-02-27 01:23:43.913775,,2026-02-27 01:23:43.913861
269,1,Any,400T,13207-2,SO# 56488 / 56488,200.0,18.0,2026-02-27,,True,Hardcoded Seed Data,1,seconds,,,2026-02-27 01:23:43.914046,,2026-02-27 01:23:43.914143
270,1,Any,600T Comp,353355,SO# 56608 / 56608,288.0,12.5,2026-02-27,,True,Hardcoded Seed Data,1,seconds,,,2026-02-27 01:23:43.914350,,2026-02-27 01:23:43.914431
271,1,Any,600T Comp,386819S,SO# 57176/ 57176,675.348837209302,5.33057851239669,2026-02-27,,True,Hardcoded Seed Data,1,seconds,,,2026-02-27 01:23:43.914616,,2026-02-27 01:23:43.914698
272,1,Any,600T Comp,4373728,SO# 57452/ 57452,645.859872611465,5.57396449704142,2026-02-27,,True,Hardcoded Seed Data,1,seconds,,,2026-02-27 01:23:43.914880,,2026-02-27 01:23:43.914971
273,1,Any,Inj 17 - 18,11105-9,SO# 575000 / 575000,40.0,90.0,2026-02-27,,True,Hardcoded Seed Data,1,seconds,,,2026-02-27 01:23:43.915154,,2026-02-27 01:23:43.915255
274,1,Any,Inj23,7712/20096800,SO# 575230 / 575230,138.000034500009,26.08695,2026-02-27,,True,Hardcoded Seed Data,1,seconds,,,2026-02-27 01:23:43.915459,,2026-02-27 01:23:43.915547
275,1,Any,INJ,7712/20097201,SO# 576200 / 576200,1583.86801099908,2.27291666666667,2026-02-27,,True,Hardcoded Seed Data,1,seconds,,,2026-02-27 01:23:43.915728,,2026-02-27 01:23:43.915811
276,1,Any,CMP,10860-1,SO# 578940 / 578940,10751.2832477835,0.33484375,2026-02-27,,True,Hardcoded Seed Data,1,seconds,,,2026-02-27 01:23:43.915990,,2026-02-27 01:23:43.916072
277,1,Any,CMP,10873-1,SO# 578950 / 578950,249.001147358228,14.4577647058824,2026-02-27,,True,Hardcoded Seed Data,1,seconds,,,2026-02-27 01:23:43.916270,,2026-02-27 01:23:43.916357
278,1,Any,600T Comp,11636-2,SO# 579280 / 579280,35.1219512195122,102.5,2026-02-27,,True,Hardcoded Seed Data,1,seconds,,,2026-02-27 01:23:43.916538,,2026-02-27 01:23:43.916619
279,1,Any,500T,12987-72,SO# 579970 / 579970,288.0,12.5,2026-02-27,,True,Hardcoded Seed Data,1,seconds,,,2026-02-27 01:23:43.916799,,2026-02-27 01:23:43.916881
280,1,Any,Injection,SS-CK6017-060,SO# 580410 / 580410,30.0,120.0,2026-02-27,,True,Hardcoded Seed Data,1,seconds,,,2026-02-27 01:23:43.917058,,2026-02-27 01:23:43.917141
281,1,Any,Assembly,SS-CK6017-300,SO# 580420 / 580420,42.5000000014757,84.70588235,2026-02-27,,True,Hardcoded Seed Data,1,seconds,,,2026-02-27 01:23:43.917346,,2026-02-27 01:23:43.917430
282,1,Any,Inspection,21377-H98A0A,SO# 600670,187.5,19.2,2026-02-27,,True,Hardcoded Seed Data,1,seconds,,,2026-02-27 01:23:43.917613,,2026-02-27 01:23:43.917697
283,1,Any,Trim,A62-6082,SO# 610010 / 610010,187.5,19.2,2026-02-27,,True,Hardcoded Seed Data,1,seconds,,,2026-02-27 01:23:43.917876,,2026-02-27 01:23:43.917958
284,1,Any,ASY,A62-6082,SO# 610011 / 610011,0.0,0.0,2026-02-27,,True,Hardcoded Seed Data,1,seconds,,,2026-02-27 01:23:43.918142,,2026-02-27 01:23:43.918224
285,1,Any,Asy31,A85-2144-002,SO# 610031 / 610031,327.272727272727,11.0,2026-02-27,,True,Hardcoded Seed Data,1,seconds,,,2026-02-27 01:23:43.918429,,2026-02-27 01:23:43.918514
286,1,Any,Asy31,A85-2144-003,SO# 610101 / 610101,327.272727272727,11.0,2026-02-27,,True,Hardcoded Seed Data,1,seconds,,,2026-02-27 01:23:43.918693,,2026-02-27 01:23:43.918776
287,1,Any,Asy31,A85-2144-003R,SO# 610111 / 610111,327.272727272727,11.0,2026-02-27,,True,Hardcoded Seed Data,1,seconds,,,2026-02-27 01:23:43.918957,,2026-02-27 01:23:43.919039
288,1,Any,Asy31,A85-2144-001,SO# 610121 / 610121,327.272727272727,11.0,2026-02-27,,True,Hardcoded Seed Data,1,seconds,,,2026-02-27 01:23:43.919218,,2026-02-27 01:23:43.919336
289,1,Any,Asy31,A85-2144-001R,SO# 610131 / 610131,327.272727272727,11.0,2026-02-27,,True,Hardcoded Seed Data,1,seconds,,,2026-02-27 01:23:43.919520,,2026-02-27 01:23:43.919604
290,1,Any,400T,A85-2142,SO# 610172 / 610172,137.142857142857,26.25,2026-02-27,,True,Hardcoded Seed Data,1,seconds,,,2026-02-27 01:23:43.919782,,2026-02-27 01:23:43.919864
291,1,Any,400T,18-73837-000,SO# 610210 / 610210,36.000090000225,99.99975,2026-02-27,,True,Hardcoded Seed Data,1,seconds,,,2026-02-27 01:23:43.920043,,2026-02-27 01:23:43.920125
292,1,Any,Asy10,18-73837-000,SO# 610210 / 610210,450.0,8.0,2026-02-27,,True,Hardcoded Seed Data,1,seconds,,,2026-02-27 01:23:43.920328,,2026-02-27 01:23:43.920412
293,1,Any,400T,A85-2143,SO# 610220 / 610220,118.032786885246,30.5,2026-02-27,,True,Hardcoded Seed Data,1,seconds,,,2026-02-27 01:23:43.920596,,2026-02-27 01:23:43.920679
294,1,Any,Asy09,01-35313-000,SO# 610260 / 610260,93.9947780678851,38.3,2026-02-27,,True,Hardcoded Seed Data,1,seconds,,,2026-02-27 01:23:43.920859,,2026-02-27 01:23:43.920940
295,1,Any,Asy09,01-35313-000,SO# 610260 / 610260,93.9947780678851,38.3,2026-02-27,,True,Hardcoded Seed Data,1,seconds,,,2026-02-27 01:23:43.921117,,2026-02-27 01:23:43.921198
296,1,Any,Asy09,01-35313-000,SO# 610261 / 610261,93.9947780678851,38.3,2026-02-27,,True,Hardcoded Seed Data,1,seconds,,,2026-02-27 01:23:43.921406,,2026-02-27 01:23:43.921517
297,1,Any,Asy09,01-35313-001,SO# 610270 / 610270,93.9947780678851,38.3,2026-02-27,,True,Hardcoded Seed Data,1,seconds,,,2026-02-27 01:23:43.921705,,2026-02-27 01:23:43.921790
298,1,Any,500T,23590935,SO# 610280 / 610280,99.0000037125001,36.363635,2026-02-27,,True,Hardcoded Seed Data,1,seconds,,,2026-02-27 01:23:43.925703,,2026-02-27 01:23:43.925819
299,1,Any,500T,23590943,SO# 610290,0.0,0.0,2026-02-27,,True,Hardcoded Seed Data,1,seconds,,,2026-02-27 01:23:43.926033,,2026-02-27 01:23:43.926120
300,1,Any,ASY13,23898854,SO# 610320 / 610320,54.9618320610687,65.5,2026-02-27,,True,Hardcoded Seed Data,1,seconds,,,2026-02-27 01:23:43.926337,,2026-02-27 01:23:43.926423
301,1,Any,Asy09,A62-1061-700,SO# 610350 / 610350,120.0,30.0,2026-02-27,,True,Hardcoded Seed Data,1,seconds,,,2026-02-27 01:23:43.926613,,2026-02-27 01:23:43.926699
302,1,Any,Asy 11,24366617,SO# 610360 / 610360,90.0,40.0,2026-02-27,,True,Hardcoded Seed Data,1,seconds,,,2026-02-27 01:23:43.926881,,2026-02-27 01:23:43.926965
303,1,Any,Unknown,24509739,SO# 610370 / 610370,120.0,30.0,2026-02-27,,True,Hardcoded Seed Data,1,seconds,,,2026-02-27 01:23:43.927146,,2026-02-27 01:23:43.927228
304,1,Any,500T,54034 7BA0A,SO# 610400 / 610400,96.0,37.5,2026-02-27,,True,Hardcoded Seed Data,1,seconds,,,2026-02-27 01:23:43.927445,,2026-02-27 01:23:43.927526
305,1,Any,500T,160300068,SO# 610410 / 610410,160.0,22.5,2026-02-27,,True,Hardcoded Seed Data,1,seconds,,,2026-02-27 01:23:43.927708,,2026-02-27 01:23:43.927790
306,1,Any,500T,160300283,SO# 610450 / 610450,160.0,22.5,2026-02-27,,True,Hardcoded Seed Data,1,seconds,,,2026-02-27 01:23:43.927970,,2026-02-27 01:23:43.928053
307,1,Any,ASY38,18-74797-000,SO# 610470 / 610470,60.0,60.0,2026-02-27,,True,Hardcoded Seed Data,1,seconds,,,2026-02-27 01:23:43.928365,,2026-02-27 01:23:43.928451
308,1,Any,Injection,54034,SO# 610590 / 610590,96.0,37.5,2026-02-27,,True,Hardcoded Seed Data,1,seconds,,,2026-02-27 01:23:43.928640,,2026-02-27 01:23:43.928721
309,1,Any,800T INJ,11286-15,SO# 612010/ 612010,426.666666666667,8.4375,2026-02-27,,True,Hardcoded Seed Data,1,seconds,,,2026-02-27 01:23:43.928991,,2026-02-27 01:23:43.929094
310,1,Any,Asy03,68622598AA,SO# 617400 / 617400,20.0,180.0,2026-02-27,,True,Hardcoded Seed Data,1,seconds,,,2026-02-27 01:23:43.929315,,2026-02-27 01:23:43.929404
311,1,Any,Asy08,A62-1060-700,SO# 620040 / 620040,120.0,30.0,2026-02-27,,True,Hardcoded Seed Data,1,seconds,,,2026-02-27 01:23:43.929594,,2026-02-27 01:23:43.929701
312,1,Any,Asy 01,R62-6020M03,SO# 624110 / 624110,0.0,0.0,2026-02-27,,True,Hardcoded Seed Data,1,seconds,,,2026-02-27 01:23:43.929923,,2026-02-27 01:23:43.930008
313,1,Any,Asy 01,R62-6020M03,SO# 624111 / 624111,0.0,0.0,2026-02-27,,True,Hardcoded Seed Data,1,seconds,,,2026-02-27 01:23:43.930193,,2026-02-27 01:23:43.930295
314,1,Any,350T,15000896,SO# 641780 / 641780,156.000029250005,23.07691875,2026-02-27,,True,Hardcoded Seed Data,1,seconds,,,2026-02-27 01:23:43.930480,,2026-02-27 01:23:43.930560
315,1,Any,600T Comp,121-002140,SO# 642000 / 642000,25.0000324436185,143.999813125,2026-02-27,,True,Hardcoded Seed Data,1,seconds,,,2026-02-27 01:23:43.930741,,2026-02-27 01:23:43.930823
316,1,Any,400T,13248,SO# 642380 / 642380,60.0,60.0,2026-02-27,,True,Hardcoded Seed Data,1,seconds,,,2026-02-27 01:23:43.931002,,2026-02-27 01:23:43.931085
317,1,Any,500T,TLB-13371-45,SO# 642410 / 642410,93.0004262519537,38.7095,2026-02-27,,True,Hardcoded Seed Data,1,seconds,,,2026-02-27 01:23:43.931287,,2026-02-27 01:23:43.931388
318,1,Any,600T Comp,11840-2A,SO# 642800/ 642800,64.0003179535796,56.24972055,2026-02-27,,True,Hardcoded Seed Data,1,seconds,,,2026-02-27 01:23:43.931573,,2026-02-27 01:23:43.931655
319,1,Any,ASY07,65381000,SO# 643740 / 643740,27.6285495011512,130.3,2026-02-27,,True,Hardcoded Seed Data,1,seconds,,,2026-02-27 01:23:43.931831,,2026-02-27 01:23:43.931914
320,1,Any,400T,S1206-EW040,SO# 644140 / 644140,66.2068965517241,54.375,2026-02-27,,True,Hardcoded Seed Data,1,seconds,,,2026-02-27 01:23:43.932107,,2026-02-27 01:23:43.932188
321,1,Any,Service,R62-6013,SO# 645081 / 645081,68.7022900763359,52.4,2026-02-27,,True,Hardcoded Seed Data,1,seconds,,,2026-02-27 01:23:43.932392,,2026-02-27 01:23:43.932474
322,1,Any,800T INJ,R62-6013,SO# 645082 / 645082,106.666666666667,33.75,2026-02-27,,True,Hardcoded Seed Data,1,seconds,,,2026-02-27 01:23:43.932652,,2026-02-27 01:23:43.932734
323,1,Any,600T Comp,121-005933,SO# 645260 / 645260,6.0,600.0,2026-02-27,,True,Hardcoded Seed Data,1,seconds,,,2026-02-27 01:23:43.932910,,2026-02-27 01:23:43.932990
324,1,Any,600T Comp,121-005935,SO# 645270 / 645270,6.0,600.0,2026-02-27,,True,Hardcoded Seed Data,1,seconds,,,2026-02-27 01:23:43.933165,,2026-02-27 01:23:43.933265
325,1,Any,600T Comp,52006404,SO# 649700 / 649700,200.0,18.0,2026-02-27,,True,Hardcoded Seed Data,1,seconds,,,2026-02-27 01:23:43.933444,,2026-02-27 01:23:43.933525
326,1,Any,600T Comp,4668167,SO# 650080/ 650080,1371.42857142857,2.625,2026-02-27,,True,Hardcoded Seed Data,1,seconds,,,2026-02-27 01:23:43.933701,,2026-02-27 01:23:43.933780
327,1,Any,600T Comp,52002750,SO# 651060 / 651060,122.5,29.3877551020408,2026-02-27,,True,Hardcoded Seed Data,1,seconds,,,2026-02-27 01:23:43.933958,,2026-02-27 01:23:43.934043
328,1,Any,600T Comp,04656464AA,SO# 651970 / 651970,240.0,15.0,2026-02-27,,True,Hardcoded Seed Data,1,seconds,,,2026-02-27 01:23:43.934225,,2026-02-27 01:23:43.934331
329,1,Any,600T Comp,52009562,SO# 652170 / 652170,32.0000719889874,112.499746914286,2026-02-27,,True,Hardcoded Seed Data,1,seconds,,,2026-02-27 01:23:43.934511,,2026-02-27 01:23:43.934591
330,1,Any,600T Comp,024209-000,SO# 652390 / 652390,12.5874125874126,286.0,2026-02-27,,True,Hardcoded Seed Data,1,seconds,,,2026-02-27 01:23:43.934767,,2026-02-27 01:23:43.934852
331,1,Any,600T Comp,26953,SO# 652400 / 652400,13.49999983125,266.66667,2026-02-27,,True,Hardcoded Seed Data,1,seconds,,,2026-02-27 01:23:43.935032,,2026-02-27 01:23:43.935112
332,1,Any,150T,GAFRW23675,SO# 652540 / 652540,12.5002138464318,287.9950730625,2026-02-27,,True,Hardcoded Seed Data,1,seconds,,,2026-02-27 01:23:43.935312,,2026-02-27 01:23:43.935411
333,1,Any,600T Comp,14044083,SO# 653360 / 653360,36.0,100.0,2026-02-27,,True,Hardcoded Seed Data,1,seconds,,,2026-02-27 01:23:43.935594,,2026-02-27 01:23:43.935675
334,1,Any,800T Comp,C-30861,SO# 653690 / 653690,20.0,180.0,2026-02-27,,True,Hardcoded Seed Data,1,seconds,,,2026-02-27 01:23:43.935862,,2026-02-27 01:23:43.935943
335,1,Any,Hend Assy,019279-000,SO# 654100 / 654100,22.5,160.0,2026-02-27,,True,Hardcoded Seed Data,1,seconds,,,2026-02-27 01:23:43.936121,,2026-02-27 01:23:43.936202
336,1,Any,Hend Assy,006966-000,SO# 654580 / 654580,31.25,115.2,2026-02-27,,True,Hardcoded Seed Data,1,seconds,,,2026-02-27 01:23:43.936406,,2026-02-27 01:23:43.936486
337,1,Any,ASY,060374-000,SO# 654590 / 654590,4.0,900.0,2026-02-27,,True,Hardcoded Seed Data,1,seconds,,,2026-02-27 01:23:43.936664,,2026-02-27 01:23:43.936744
338,1,Any,800T INJ,18-40587-000,SO# 654600 / 654600,17.0001883243084,211.76236,2026-02-27,,True,Hardcoded Seed Data,1,seconds,,,2026-02-27 01:23:43.936920,,2026-02-27 01:23:43.937001
339,1,Any,800T INJ,18-41503-000,SO# 654650 / 654650,34.001884610416,105.8764842375,2026-02-27,,True,Hardcoded Seed Data,1,seconds,,,2026-02-27 01:23:43.937177,,2026-02-27 01:23:43.937279
340,1,Any,800T INJ,18-41503-001,SO# 654680 / 654680,17.000942305208,211.752968475,2026-02-27,,True,Hardcoded Seed Data,1,seconds,,,2026-02-27 01:23:43.937462,,2026-02-27 01:23:43.937541
341,1,Any,800T INJ,18-41503-002,SO# 654690 / 654690,17.000942305208,211.752968475,2026-02-27,,True,Hardcoded Seed Data,1,seconds,,,2026-02-27 01:23:43.937720,,2026-02-27 01:23:43.937799
342,1,Any,600T Comp,16-15888-000,SO# 654930 / 654930,169.411764705882,21.25,2026-02-27,,True,Hardcoded Seed Data,1,seconds,,,2026-02-27 01:23:43.937976,,2026-02-27 01:23:43.938057
343,1,Any,800T INJ,59257-000S,SO# 655370/ 655370,26.6666666666667,135.0,2026-02-27,,True,Hardcoded Seed Data,1,seconds,,,2026-02-27 01:23:43.938234,,2026-02-27 01:23:43.938338
344,1,Any,800T INJ,18-41503-003,SO# 655440 / 655440,34.001884610416,105.8764842375,2026-02-27,,True,Hardcoded Seed Data,1,seconds,,,2026-02-27 01:23:43.938519,,2026-02-27 01:23:43.938602
345,1,Any,800T INJ,18-41503-004,SO# 655450 / 655450,34.001884610416,105.8764842375,2026-02-27,,True,Hardcoded Seed Data,1,seconds,,,2026-02-27 01:23:43.938782,,2026-02-27 01:23:43.938866
346,1,Any,800T INJ,25728544,SO# 655620 / 655620,114.000080750057,31.578925,2026-02-27,,True,Hardcoded Seed Data,1,seconds,,,2026-02-27 01:23:43.939044,,2026-02-27 01:23:43.939125
347,1,Any,800T INJ,25728545,SO# 655630 / 655630,114.000080750057,31.578925,2026-02-27,,True,Hardcoded Seed Data,1,seconds,,,2026-02-27 01:23:43.939336,,2026-02-27 01:23:43.939421
348,1,Any,800T INJ,25728546,SO# 655640 / 655640,114.000080750057,31.578925,2026-02-27,,True,Hardcoded Seed Data,1,seconds,,,2026-02-27 01:23:43.939618,,2026-02-27 01:23:43.939700
349,1,Any,800T INJ,25741484,SO# 655660 / 655660,114.000080750057,31.578925,2026-02-27,,True,Hardcoded Seed Data,1,seconds,,,2026-02-27 01:23:43.939876,,2026-02-27 01:23:43.939956
350,1,Any,800T INJ,25728543,SO# 655670 / 655670,228.000342000513,15.78945,2026-02-27,,True,Hardcoded Seed Data,1,seconds,,,2026-02-27 01:23:43.940136,,2026-02-27 01:23:43.940217
351,1,Any,800T INJ,52089330AB,SO# 656080 / 656080,200.00019045157,17.999982859375,2026-02-27,,True,Hardcoded Seed Data,1,seconds,,,2026-02-27 01:23:43.940420,,2026-02-27 01:23:43.940502
352,1,Any,800T INJ,52089328AC,SO# 656090 / 656090,200.00019045157,17.999982859375,2026-02-27,,True,Hardcoded Seed Data,1,seconds,,,2026-02-27 01:23:43.940685,,2026-02-27 01:23:43.940768
353,1,Any,500T INJ,8525967,SO# 656800 / 656800,144.0,25.0,2026-02-27,,True,Hardcoded Seed Data,1,seconds,,,2026-02-27 01:23:43.940945,,2026-02-27 01:23:43.941026
354,1,Any,400T,12681-1,SO# 656801 / 656801,80.0,45.0,2026-02-27,,True,Hardcoded Seed Data,1,seconds,,,2026-02-27 01:23:43.941202,,2026-02-27 01:23:43.941306
355,1,Any,TRIM,26118065,SO# 657310 / 657310,358.923230309073,10.03,2026-02-27,,True,Hardcoded Seed Data,1,seconds,,,2026-02-27 01:23:43.941486,,2026-02-27 01:23:43.941576
356,1,Any,Asy01,05085896AA,SO# 657360 / 657360,186.250569098961,19.3288,2026-02-27,,True,Hardcoded Seed Data,1,seconds,,,2026-02-27 01:23:43.941761,,2026-02-27 01:23:43.941843
357,1,Any,800T INJ,064299-004,SO# 657460 / 657460,25.0,144.0,2026-02-27,,True,Hardcoded Seed Data,1,seconds,,,2026-02-27 01:23:43.942042,,2026-02-27 01:23:43.942148
358,1,Any,Asy02,04895412AC,SO# 657490 / 657490,100.37500100375,35.865504,2026-02-27,,True,Hardcoded Seed Data,1,seconds,,,2026-02-27 01:23:43.942389,,2026-02-27 01:23:43.942538
359,1,Any,800T INJ,22186478,SO# 657540 / 657540,60.0,60.0,2026-02-27,,True,Hardcoded Seed Data,1,seconds,,,2026-02-27 01:23:43.942758,,2026-02-27 01:23:43.942874
360,1,Any,800T INJ,PT108-20,SO# 657550 / 657550,9.98751560549313,360.45,2026-02-27,,True,Hardcoded Seed Data,1,seconds,,,2026-02-27 01:23:43.943084,,2026-02-27 01:23:44.052030
361,1,Any,800T INJ,PT108-16,SO# 657600 / 657600,9.98751560549313,360.45,2026-02-27,,True,Hardcoded Seed Data,1,seconds,,,2026-02-27 01:23:44.052450,,2026-02-27 01:23:44.052552
362,1,Any,400T,22049891,SO# 657630/ 657630,262.222222222222,13.728813559322,2026-02-27,,True,Hardcoded Seed Data,1,seconds,,,2026-02-27 01:23:44.052763,,2026-02-27 01:23:44.052857
363,1,Any,800T INJ,PT108-12,SO# 657860 / 657860,9.98751560549313,360.45,2026-02-27,,True,Hardcoded Seed Data,1,seconds,,,2026-02-27 01:23:44.053047,,2026-02-27 01:23:44.053131
364,1,Any,800T INJ,PT108-24,SO# 658060 / 658060,9.98751560549313,360.45,2026-02-27,,True,Hardcoded Seed Data,1,seconds,,,2026-02-27 01:23:44.053342,,2026-02-27 01:23:44.053426
365,1,Any,800T INJ,065743-000,SO# 658120 / 658120,32.2500020156251,111.6279,2026-02-27,,True,Hardcoded Seed Data,1,seconds,,,2026-02-27 01:23:44.053662,,2026-02-27 01:23:44.053750
366,1,Any,800T INJ,6574-3000,SO# 658120/ 658120,17.5609756097561,205.0,2026-02-27,,True,Hardcoded Seed Data,1,seconds,,,2026-02-27 01:23:44.053946,,2026-02-27 01:23:44.054030
367,1,Any,400T,SZ460-027-01,SO# 658150 / 658150,282.352941176471,12.75,2026-02-27,,True,Hardcoded Seed Data,1,seconds,,,2026-02-27 01:23:44.054215,,2026-02-27 01:23:44.054322
368,1,Any,600T Comp,FC-20,SO# 658170 / 658170,8.78048780487805,410.0,2026-02-27,,True,Hardcoded Seed Data,1,seconds,,,2026-02-27 01:23:44.054505,,2026-02-27 01:23:44.054590
369,1,Any,600T Comp,FC-35,SO# 658180 / 658180,7.31707317073171,492.0,2026-02-27,,True,Hardcoded Seed Data,1,seconds,,,2026-02-27 01:23:44.054770,,2026-02-27 01:23:44.054858
370,1,Any,600T Comp,FC-52,SO# 658190 / 658190,5.85365853658537,615.0,2026-02-27,,True,Hardcoded Seed Data,1,seconds,,,2026-02-27 01:23:44.055042,,2026-02-27 01:23:44.055126
371,1,Any,600T Comp,FC-70,SO# 658200 / 658200,5.85365853658537,615.0,2026-02-27,,True,Hardcoded Seed Data,1,seconds,,,2026-02-27 01:23:44.055351,,2026-02-27 01:23:44.055439
372,1,Any,600T Comp,DSR108-63,SO# 658210 / 658210,8.07174887892377,446.0,2026-02-27,,True,Hardcoded Seed Data,1,seconds,,,2026-02-27 01:23:44.055623,,2026-02-27 01:23:44.055707
373,1,Any,600T Comp,DSR108-75,SO# 658220 / 658220,8.07174887892377,446.0,2026-02-27,,True,Hardcoded Seed Data,1,seconds,,,2026-02-27 01:23:44.055888,,2026-02-27 01:23:44.055969
374,1,Any,600T Comp,DSR108-100,SO# 658240 / 658240,8.07174887892377,446.0,2026-02-27,,True,Hardcoded Seed Data,1,seconds,,,2026-02-27 01:23:44.056152,,2026-02-27 01:23:44.056253
375,1,Any,600T Comp,04721746AB,SO# 658490 / 658490,111.000013638883,32.4324284473684,2026-02-27,,True,Hardcoded Seed Data,1,seconds,,,2026-02-27 01:23:44.056440,,2026-02-27 01:23:44.056522
376,1,Any,Asy 03,18-59922-000,SO# 658800 / 658800,100.0,36.0,2026-02-27,,True,Hardcoded Seed Data,1,seconds,,,2026-02-27 01:23:44.056706,,2026-02-27 01:23:44.056788
377,1,Any,350T,VS-RSB-01,SO# 658940 / 658940,3.50000043750005,1028.5713,2026-02-27,,True,Hardcoded Seed Data,1,seconds,,,2026-02-27 01:23:44.056977,,2026-02-27 01:23:44.057063
378,1,Any,Asy01,05006386AA,SO# 659300 / 659300,162.750115281332,22.1198,2026-02-27,,True,Hardcoded Seed Data,1,seconds,,,2026-02-27 01:23:44.057265,,2026-02-27 01:23:44.057353
379,1,Any,Asy05,3836802C97,SO# 659770 / 659770,50.3750069440548,71.46401,2026-02-27,,True,Hardcoded Seed Data,1,seconds,,,2026-02-27 01:23:44.057537,,2026-02-27 01:23:44.057620
380,1,Any,Asy05,3841766C95,SO# 659780 / 659780,38.0000168888964,94.7368,2026-02-27,,True,Hardcoded Seed Data,1,seconds,,,2026-02-27 01:23:44.057800,,2026-02-27 01:23:44.057882
381,1,Any,Asy05,3839857C95,SO# 659790 / 659790,92.8750157694037,38.76177,2026-02-27,,True,Hardcoded Seed Data,1,seconds,,,2026-02-27 01:23:44.058064,,2026-02-27 01:23:44.058146
382,1,Any,800T Comp,D25364,SO# 659830 / 659830,21.6,166.666666666667,2026-02-27,,True,Hardcoded Seed Data,1,seconds,,,2026-02-27 01:23:44.058350,,2026-02-27 01:23:44.058434
383,1,Any,600T Comp,8419981,SO# 660220 / 660220,1.875,1920.0,2026-02-27,,True,Hardcoded Seed Data,1,seconds,,,2026-02-27 01:23:44.058618,,2026-02-27 01:23:44.058699
384,1,Any,600T Comp,8361943,SO# 660490 / 660490,1.875,1920.0,2026-02-27,,True,Hardcoded Seed Data,1,seconds,,,2026-02-27 01:23:44.058882,,2026-02-27 01:23:44.058963
385,1,Any,600T Comp,L010035,SO# 660550/ 660550,166.95652173913,21.5625,2026-02-27,,True,Hardcoded Seed Data,1,seconds,,,2026-02-27 01:23:44.059141,,2026-02-27 01:23:44.059223
386,1,Any,600T Comp,8381227,SO# 660910 / 660910,5.71428571428571,630.0,2026-02-27,,True,Hardcoded Seed Data,1,seconds,,,2026-02-27 01:23:44.059447,,2026-02-27 01:23:44.059531
387,1,Any,600T Comp,8194450,SO# 661130 / 661130,10.0005803531235,359.9791085,2026-02-27,,True,Hardcoded Seed Data,1,seconds,,,2026-02-27 01:23:44.059714,,2026-02-27 01:23:44.059796
388,1,Any,600T Comp,8194449,SO# 661250 / 661250,10.0,360.0,2026-02-27,,True,Hardcoded Seed Data,1,seconds,,,2026-02-27 01:23:44.059972,,2026-02-27 01:23:44.060055
389,1,Any,600T Comp,8332268,SO# 661270 / 661270,1.875,1920.0,2026-02-27,,True,Hardcoded Seed Data,1,seconds,,,2026-02-27 01:23:44.060233,,2026-02-27 01:23:44.060344
390,1,Any,600T Comp,8431436,SO# 661690 / 661690,5.71428571428571,630.0,2026-02-27,,True,Hardcoded Seed Data,1,seconds,,,2026-02-27 01:23:44.060525,,2026-02-27 01:23:44.060608
391,1,Any,600T Comp,8491288,SO# 662390 / 662390,5.71428571428571,630.0,2026-02-27,,True,Hardcoded Seed Data,1,seconds,,,2026-02-27 01:23:44.060791,,2026-02-27 01:23:44.060874
392,1,Any,Trim,9094306,SO# 662920,116.750029430737,30.83511,2026-02-27,,True,Hardcoded Seed Data,1,seconds,,,2026-02-27 01:23:44.061053,,2026-02-27 01:23:44.061141
393,1,Any,600T Comp,9313607,SO# 663080 / 663080,4.28571428571429,840.0,2026-02-27,,True,Hardcoded Seed Data,1,seconds,,,2026-02-27 01:23:44.061347,,2026-02-27 01:23:44.061430
394,1,Any,600T Comp,22822466,SO# 663720 / 663720,196.363636363636,18.3333333333333,2026-02-27,,True,Hardcoded Seed Data,1,seconds,,,2026-02-27 01:23:44.061613,,2026-02-27 01:23:44.061699
395,1,Any,600T Comp,9500661,SO# 664250 / 664250,3.50001166670556,1028.568,2026-02-27,,True,Hardcoded Seed Data,1,seconds,,,2026-02-27 01:23:44.061881,,2026-02-27 01:23:44.061963
396,1,Any,Asy03,68051255AC,SO# 664630 / 664630,87.5912408759124,41.1,2026-02-27,,True,Hardcoded Seed Data,1,seconds,,,2026-02-27 01:23:44.062162,,2026-02-27 01:23:44.062267
397,1,Any,600T Comp,11919-2A,SO# 665030/ 665030,160.0,22.5,2026-02-27,,True,Hardcoded Seed Data,1,seconds,,,2026-02-27 01:23:44.062455,,2026-02-27 01:23:44.062536
398,1,Any,150T,25011836,SO# 671050 / 671050,35.2941176470588,102.0,2026-02-27,,True,Hardcoded Seed Data,1,seconds,,,2026-02-27 01:23:44.062713,,2026-02-27 01:23:44.062795
399,1,Any,Asy 38,U30023,SO# 671180 / 671180,42.5029515938607,84.7,2026-02-27,,True,Hardcoded Seed Data,1,seconds,,,2026-02-27 01:23:44.062978,,2026-02-27 01:23:44.063062
400,1,Any,Asy 38,U30024,SO# 671190 / 671190,42.5029515938607,84.7,2026-02-27,,True,Hardcoded Seed Data,1,seconds,,,2026-02-27 01:23:44.063266,,2026-02-27 01:23:44.063367
401,1,Any,ASY38,U30027,SO# 671220 / 671220,42.5029515938607,84.7,2026-02-27,,True,Hardcoded Seed Data,1,seconds,,,2026-02-27 01:23:44.063558,,2026-02-27 01:23:44.063642
402,1,Any,600T Comp,R351015104,SO# 671250 / 671250,67.6056338028169,53.25,2026-02-27,,True,Hardcoded Seed Data,1,seconds,,,2026-02-27 01:23:44.063827,,2026-02-27 01:23:44.063909
403,1,Any,500T,TLB-13371-55,SO# 671410 / 671410,94.1176470588235,38.25,2026-02-27,,True,Hardcoded Seed Data,1,seconds,,,2026-02-27 01:23:44.064087,,2026-02-27 01:23:44.064169
404,1,Any,Asy04,013472-1,SO# 671580 / 671580,34.6487006737247,103.9,2026-02-27,,True,Hardcoded Seed Data,1,seconds,,,2026-02-27 01:23:44.064368,,2026-02-27 01:23:44.064450
405,1,Any,Asy04,013472-2,SO# 671590 / 671590,45.1297480255735,79.77,2026-02-27,,True,Hardcoded Seed Data,1,seconds,,,2026-02-27 01:23:44.065918,,2026-02-27 01:23:44.066009
406,1,Any,350T,17-20709-001,SO# 672210 / 672210,128.0,28.125,2026-02-27,,True,Hardcoded Seed Data,1,seconds,,,2026-02-27 01:23:44.066219,,2026-02-27 01:23:44.066327
407,1,Any,350T,17-20709-001,SO# 672211 / 672211,128.0,28.125,2026-02-27,,True,Hardcoded Seed Data,1,seconds,,,2026-02-27 01:23:44.066521,,2026-02-27 01:23:44.066606
408,1,Any,350T,17-20709-000,SO# 672221 / 672221,192.0,18.75,2026-02-27,,True,Hardcoded Seed Data,1,seconds,,,2026-02-27 01:23:44.066791,,2026-02-27 01:23:44.066871
409,1,Any,350T,A17-20868-000,SO# 672610 / 672610,53.3333333333333,67.5,2026-02-27,,True,Hardcoded Seed Data,1,seconds,,,2026-02-27 01:23:44.067058,,2026-02-27 01:23:44.067144
410,1,Any,400T,01-33964-000,SO# 672640 / 672640,28.2352941176471,127.5,2026-02-27,,True,Hardcoded Seed Data,1,seconds,,,2026-02-27 01:23:44.067359,,2026-02-27 01:23:44.067444
411,1,Any,400T,01-33964-000,SO# 672641 / 672641,28.2352941176471,127.5,2026-02-27,,True,Hardcoded Seed Data,1,seconds,,,2026-02-27 01:23:44.067633,,2026-02-27 01:23:44.067714
412,1,Any,500T,01-33963-000,SO# 672650 / 672650,28.2352941176471,127.5,2026-02-27,,True,Hardcoded Seed Data,1,seconds,,,2026-02-27 01:23:44.067891,,2026-02-27 01:23:44.067971
413,1,Any,500T,01-33963-000,SO# 672651 / 672651,28.2352941176471,127.5,2026-02-27,,True,Hardcoded Seed Data,1,seconds,,,2026-02-27 01:23:44.068149,,2026-02-27 01:23:44.068230
414,1,Any,Asy04,14432,SO# 672800 / 672800,51.2820512820513,70.2,2026-02-27,,True,Hardcoded Seed Data,1,seconds,,,2026-02-27 01:23:44.068435,,2026-02-27 01:23:44.068516
415,1,Any,800T INJ,RPB707-006SP,SO# 672961 / 672961,5.49996642728827,654.54945,2026-02-27,,True,Hardcoded Seed Data,1,seconds,,,2026-02-27 01:23:44.068695,,2026-02-27 01:23:44.068778
416,1,Any,800T INJ,RPB707-005SP,SO# 672980 / 672980,5.49996642728827,654.54945,2026-02-27,,True,Hardcoded Seed Data,1,seconds,,,2026-02-27 01:23:44.068956,,2026-02-27 01:23:44.069038
417,1,Any,Inj 07,RPB707-005-SP,SO# 672981 / 672981,1.37614678899083,2616.0,2026-02-27,,True,Hardcoded Seed Data,1,seconds,,,2026-02-27 01:23:44.069216,,2026-02-27 01:23:44.069321
418,1,Any,800T INJ,RPB707-004SP,SO# 673020 / 673020,8.25001203126754,436.363,2026-02-27,,True,Hardcoded Seed Data,1,seconds,,,2026-02-27 01:23:44.069505,,2026-02-27 01:23:44.069584
419,1,Any,600T Comp,317844,SO# 674270 / 674270,175.000021875003,20.571426,2026-02-27,,True,Hardcoded Seed Data,1,seconds,,,2026-02-27 01:23:44.069762,,2026-02-27 01:23:44.069843
420,1,Any,600T Comp,J0687550,SO# 674460 / 674460,631.304347826087,5.70247933884298,2026-02-27,,True,Hardcoded Seed Data,1,seconds,,,2026-02-27 01:23:44.070022,,2026-02-27 01:23:44.070102
421,1,Any,600T Comp,55254847,SO# 674490 / 674490,234.782608695652,15.3333333333333,2026-02-27,,True,Hardcoded Seed Data,1,seconds,,,2026-02-27 01:23:44.070315,,2026-02-27 01:23:44.070400
422,1,Any,500T,54034 4BA0D,SO# 674581 / 674581,96.0,37.5,2026-02-27,,True,Hardcoded Seed Data,1,seconds,,,2026-02-27 01:23:44.070584,,2026-02-27 01:23:44.070666
423,1,Any,Trim,N801951S,SO# 674650 / 674650,1846.15384615385,1.95,2026-02-27,,True,Hardcoded Seed Data,1,seconds,,,2026-02-27 01:23:44.070847,,2026-02-27 01:23:44.070934
424,1,Any,Trim,N801951S,SO# 674650 / 674650,1836.73469387755,1.96,2026-02-27,,True,Hardcoded Seed Data,1,seconds,,,2026-02-27 01:23:44.071117,,2026-02-27 01:23:44.071198
425,1,Any,600T Comp,15660768,SO# 674740 / 674740,77.7777777777778,46.2857142857143,2026-02-27,,True,Hardcoded Seed Data,1,seconds,,,2026-02-27 01:23:44.071421,,2026-02-27 01:23:44.071503
426,1,Any,600T Comp,3814463C2,SO# 674910 / 674910,520.0,6.92307692307692,2026-02-27,,True,Hardcoded Seed Data,1,seconds,,,2026-02-27 01:23:44.071693,,2026-02-27 01:23:44.071777
427,1,Any,400T,3824332C1,SO# 674950 / 674950,64.0,56.25,2026-02-27,,True,Hardcoded Seed Data,1,seconds,,,2026-02-27 01:23:44.071954,,2026-02-27 01:23:44.072033
428,1,Any,800T Comp,C-21824,SO# 675160 / 675160,20.0,180.0,2026-02-27,,True,Hardcoded Seed Data,1,seconds,,,2026-02-27 01:23:44.072212,,2026-02-27 01:23:44.072320
429,1,Any,Asy05,F67Z 3069 AA,SO# 675180 / 675180,125.0,28.8,2026-02-27,,True,Hardcoded Seed Data,1,seconds,,,2026-02-27 01:23:44.072504,,2026-02-27 01:23:44.072586
430,1,Any,600T Comp,5083EU,SO# 675210 / 675210,391.011235955056,9.20689655172414,2026-02-27,,True,Hardcoded Seed Data,1,seconds,,,2026-02-27 01:23:44.072767,,2026-02-27 01:23:44.072849
431,1,Any,600T Comp,TA108-005,SO# 675890 / 675890,14.4,250.0,2026-02-27,,True,Hardcoded Seed Data,1,seconds,,,2026-02-27 01:23:44.073038,,2026-02-27 01:23:44.073119
432,1,Any,800T INJ,UO108-003P,SO# 675901 / 675901,5.0,720.0,2026-02-27,,True,Hardcoded Seed Data,1,seconds,,,2026-02-27 01:23:44.073324,,2026-02-27 01:23:44.073407
433,1,Any,800T INJ,UO108-030,SO# 675940 / 675940,5.0,720.0,2026-02-27,,True,Hardcoded Seed Data,1,seconds,,,2026-02-27 01:23:44.073609,,2026-02-27 01:23:44.073695
434,1,Any,Asy06,15030648,SO# 676210 / 676210,12.5,288.0,2026-02-27,,True,Hardcoded Seed Data,1,seconds,,,2026-02-27 01:23:44.073878,,2026-02-27 01:23:44.073963
435,1,Any,600T Comp,22-65331-000,SO# 676250 / 676250,320.0,11.25,2026-02-27,,True,Hardcoded Seed Data,1,seconds,,,2026-02-27 01:23:44.074142,,2026-02-27 01:23:44.074223
436,1,Any,Asy05,EOTZ 5781 B,SO# 677000 / 677000,130.628832686237,27.559,2026-02-27,,True,Hardcoded Seed Data,1,seconds,,,2026-02-27 01:23:44.074427,,2026-02-27 01:23:44.074509
437,1,Any,Asy05,1L5Z 5A546 AA,SO# 677081 / 677081,26.1248185776488,137.8,2026-02-27,,True,Hardcoded Seed Data,1,seconds,,,2026-02-27 01:23:44.074690,,2026-02-27 01:23:44.074772
438,1,Any,600T Comp,1L5Z 5A546 AA,SO# 677081 / 677081,514.285714285714,7.0,2026-02-27,,True,Hardcoded Seed Data,1,seconds,,,2026-02-27 01:23:44.074952,,2026-02-27 01:23:44.075037
439,1,Any,600T Comp,EOTZ-5781-B,SO# 677170 / 677170,3780.05357910944,0.952367453174603,2026-02-27,,True,Hardcoded Seed Data,1,seconds,,,2026-02-27 01:23:44.075225,,2026-02-27 01:23:44.075361
440,1,Any,Asy05,EOTZ 5781 E,SO# 677170 / 677170,60.0,60.0,2026-02-27,,True,Hardcoded Seed Data,1,seconds,,,2026-02-27 01:23:44.075545,,2026-02-27 01:23:44.075628
441,1,Any,Asy05,F75Z 3A443 AB,SO# 677230 / 677230,149.875104079933,24.02,2026-02-27,,True,Hardcoded Seed Data,1,seconds,,,2026-02-27 01:23:44.075808,,2026-02-27 01:23:44.075888
442,1,Any,Asy05,E4TZ 3B177 A,SO# 677250 / 677250,600.000087600013,5.999999124,2026-02-27,,True,Hardcoded Seed Data,1,seconds,,,2026-02-27 01:23:44.076064,,2026-02-27 01:23:44.076145
443,1,Any,600T Comp,TO108-007,SO# 677640 / 677640,520.000003798889,6.9230768725,2026-02-27,,True,Hardcoded Seed Data,1,seconds,,,2026-02-27 01:23:44.076350,,2026-02-27 01:23:44.076434
444,1,Any,600T Comp,UO108-002,SO# 677650 / 677650,7.5,480.0,2026-02-27,,True,Hardcoded Seed Data,1,seconds,,,2026-02-27 01:23:44.076617,,2026-02-27 01:23:44.076727
445,1,Any,600T Comp,AO108-004,SO# 677670 / 677670,4.8,750.0,2026-02-27,,True,Hardcoded Seed Data,1,seconds,,,2026-02-27 01:23:44.076931,,2026-02-27 01:23:44.077017
446,1,Any,600T Comp,AO108-004,SO# 677670 / 677670,7.5,480.0,2026-02-27,,True,Hardcoded Seed Data,1,seconds,,,2026-02-27 01:23:44.077201,,2026-02-27 01:23:44.077308
447,1,Any,600T Comp,EZ108-005,SO# 677700 / 677700,5.0,720.0,2026-02-27,,True,Hardcoded Seed Data,1,seconds,,,2026-02-27 01:23:44.077489,,2026-02-27 01:23:44.077569
448,1,Any,600T Comp,EZ108-005,SO# 677700 / 677700,9.6,375.0,2026-02-27,,True,Hardcoded Seed Data,1,seconds,,,2026-02-27 01:23:44.077745,,2026-02-27 01:23:44.077825
449,1,Any,Trim,22-65332-000,SO# 677750 / 677750,1000.00000361111,3.599999987,2026-02-27,,True,Hardcoded Seed Data,1,seconds,,,2026-02-27 01:23:44.078004,,2026-02-27 01:23:44.078086
450,1,Any,Trim,22-65332-000,SO# 677750 / 677750,1000.00000361111,3.599999987,2026-02-27,,True,Hardcoded Seed Data,1,seconds,,,2026-02-27 01:23:44.078289,,2026-02-27 01:23:44.078373
451,1,Any,600T Comp,TO108-002,SO# 677780 / 677780,5.0,720.0,2026-02-27,,True,Hardcoded Seed Data,1,seconds,,,2026-02-27 01:23:44.078558,,2026-02-27 01:23:44.078641
452,1,Any,800T INJ,UO108-010,SO# 678650 / 678650,4.8,750.0,2026-02-27,,True,Hardcoded Seed Data,1,seconds,,,2026-02-27 01:23:44.078819,,2026-02-27 01:23:44.078899
453,1,Any,CMP,TLB10860 10,SO# 678680 / 678680,800.0,4.5,2026-02-27,,True,Hardcoded Seed Data,1,seconds,,,2026-02-27 01:23:44.079079,,2026-02-27 01:23:44.079159
454,1,Any,Asy38,11728,SO# 678780 / 678780,42.5029515938607,84.7,2026-02-27,,True,Hardcoded Seed Data,1,seconds,,,2026-02-27 01:23:44.079377,,2026-02-27 01:23:44.079462
455,1,Any,ASY38,11681,SO# 676791 / 676791,0.0,0.0,2026-02-27,,True,Hardcoded Seed Data,1,seconds,,,2026-02-27 01:23:44.079647,,2026-02-27 01:23:44.079728
456,1,Any,800T INJ,060374-000A,SO# 678970 / 678970,57.1428571428571,63.0,2026-02-27,,True,Hardcoded Seed Data,1,seconds,,,2026-02-27 01:23:44.079905,,2026-02-27 01:23:44.079984
457,1,Any,400T,05-16401,SO# 678990 / 678990,62.0000038750002,58.0645125,2026-02-27,,True,Hardcoded Seed Data,1,seconds,,,2026-02-27 01:23:44.080161,,2026-02-27 01:23:44.080261
458,1,Any,Trim,05-16401,SO# 678991 / 678991,60.0750938673342,59.925,2026-02-27,,True,Hardcoded Seed Data,1,seconds,,,2026-02-27 01:23:44.080442,,2026-02-27 01:23:44.080523
459,1,Any,600T Comp,14-14656,SO# 679000 / 679000,34.2857142857143,105.0,2026-02-27,,True,Hardcoded Seed Data,1,seconds,,,2026-02-27 01:23:44.080703,,2026-02-27 01:23:44.080787
460,1,Any,800T INJ,2A23708-1,SO# 679230 / 679230,118.032786885246,30.5,2026-02-27,,True,Hardcoded Seed Data,1,seconds,,,2026-02-27 01:23:44.080969,,2026-02-27 01:23:44.081052
461,1,Any,600T Comp,TLB15 0260 60,SO# 679270 / 679270,34.2857142857143,105.0,2026-02-27,,True,Hardcoded Seed Data,1,seconds,,,2026-02-27 01:23:44.081233,,2026-02-27 01:23:44.081344
462,1,Any,Asy38,12447,SO# 679351 / 679351,42.5029515938607,84.7,2026-02-27,,True,Hardcoded Seed Data,1,seconds,,,2026-02-27 01:23:44.081530,,2026-02-27 01:23:44.081611
463,1,Any,Asy38,12448,SO# 679360 / 679360,42.5029515938607,84.7,2026-02-27,,True,Hardcoded Seed Data,1,seconds,,,2026-02-27 01:23:44.083544,,2026-02-27 01:23:44.083649
464,1,Any,Asy02,05181575AA,SO# 679590 / 679590,75.0,48.0,2026-02-27,,True,Hardcoded Seed Data,1,seconds,,,2026-02-27 01:23:44.083850,,2026-02-27 01:23:44.083937
465,1,Any,800T INJ,04895372AB,SO# 679670 / 679670,174.545454545455,20.625,2026-02-27,,True,Hardcoded Seed Data,1,seconds,,,2026-02-27 01:23:44.084123,,2026-02-27 01:23:44.084205
466,1,Any,600T Comp,RL108-010P,SO# 679690 / 679690,8.2500001203125,436.36363,2026-02-27,,True,Hardcoded Seed Data,1,seconds,,,2026-02-27 01:23:44.084416,,2026-02-27 01:23:44.084501
467,1,Any,Asy 02,04895413AE,SO# 679780 / 679780,135.849056603774,26.5,2026-02-27,,True,Hardcoded Seed Data,1,seconds,,,2026-02-27 01:23:44.084686,,2026-02-27 01:23:44.084767
468,1,Any,Asy 02,04895414AE,SO# 679790 / 679790,81.2641083521445,44.3,2026-02-27,,True,Hardcoded Seed Data,1,seconds,,,2026-02-27 01:23:44.084948,,2026-02-27 01:23:44.085031
469,1,Any,800T INJ,PT108-010P,SO# 679920 / 679920,20.0,180.0,2026-02-27,,True,Hardcoded Seed Data,1,seconds,,,2026-02-27 01:23:44.085216,,2026-02-27 01:23:44.085334
470,1,Any,Asy 38,A85-2010-201,SO# 680040 / 680040,42.5029515938607,84.7,2026-02-27,,True,Hardcoded Seed Data,1,seconds,,,2026-02-27 01:23:44.085519,,2026-02-27 01:23:44.085602
471,1,Any,Asy 38,A85-2010-201R,SO# 680050 / 680050,42.5029515938607,84.7,2026-02-27,,True,Hardcoded Seed Data,1,seconds,,,2026-02-27 01:23:44.085785,,2026-02-27 01:23:44.085868
472,1,Any,Asy 38,A85-2010-206,SO# 680140 / 680140,42.5029515938607,84.7,2026-02-27,,True,Hardcoded Seed Data,1,seconds,,,2026-02-27 01:23:44.086047,,2026-02-27 01:23:44.086126
473,1,Any,Asy 38,A85-2010-206R,SO# 680150 / 680150,42.5029515938607,84.7,2026-02-27,,True,Hardcoded Seed Data,1,seconds,,,2026-02-27 01:23:44.086330,,2026-02-27 01:23:44.086412
474,1,Any,Asy 38,A85-2010-207,SO# 680160 / 680160,42.5029515938607,84.7,2026-02-27,,True,Hardcoded Seed Data,1,seconds,,,2026-02-27 01:23:44.086595,,2026-02-27 01:23:44.086677
475,1,Any,Asy 38,A85-2010-208R,SO# 680160 / 680161,42.5029515938607,84.7,2026-02-27,,True,Hardcoded Seed Data,1,seconds,,,2026-02-27 01:23:44.086855,,2026-02-27 01:23:44.086935
476,1,Any,Asy 38,A85-2010-207R,SO# 680170 / 680170,42.5029515938607,84.7,2026-02-27,,True,Hardcoded Seed Data,1,seconds,,,2026-02-27 01:23:44.087113,,2026-02-27 01:23:44.087192
477,1,Any,Asy 38,A85-2010-208R,SO# 680190 / 680190,42.5029515938607,84.7,2026-02-27,,True,Hardcoded Seed Data,1,seconds,,,2026-02-27 01:23:44.087412,,2026-02-27 01:23:44.087492
478,1,Any,Asy 38,A85-2011-101,SO# 680280 / 680280,42.5029515938607,84.7,2026-02-27,,True,Hardcoded Seed Data,1,seconds,,,2026-02-27 01:23:44.087673,,2026-02-27 01:23:44.087753
479,1,Any,Asy 38,A85-2011-101R,SO# 680290 / 680280,42.5029515938607,84.7,2026-02-27,,True,Hardcoded Seed Data,1,seconds,,,2026-02-27 01:23:44.087929,,2026-02-27 01:23:44.088011
480,1,Any,Asy 38,A85-2011-102,SO# 680300 / 680300,42.5029515938607,84.7,2026-02-27,,True,Hardcoded Seed Data,1,seconds,,,2026-02-27 01:23:44.088189,,2026-02-27 01:23:44.088290
481,1,Any,Asy 38,A85-2011-102R,SO# 680310 / 680310,42.5029515938607,84.7,2026-02-27,,True,Hardcoded Seed Data,1,seconds,,,2026-02-27 01:23:44.088474,,2026-02-27 01:23:44.088554
482,1,Any,Asy 38,A85-2011-108,SO# 680360 / 680360,42.5029515938607,84.7,2026-02-27,,True,Hardcoded Seed Data,1,seconds,,,2026-02-27 01:23:44.088730,,2026-02-27 01:23:44.088811
483,1,Any,Asy 38,A85-2011-108R,SO# 680370 / 680370,42.5029515938607,84.7,2026-02-27,,True,Hardcoded Seed Data,1,seconds,,,2026-02-27 01:23:44.088989,,2026-02-27 01:23:44.089067
484,1,Any,400T,4083015C92,SO# 682130 / 682130,30.9677419354839,116.25,2026-02-27,,True,Hardcoded Seed Data,1,seconds,,,2026-02-27 01:23:44.139556,,2026-02-27 01:23:44.139801
485,1,Any,500T,84528195,SO# 682141/ 682141,56.6929133858268,63.5,2026-02-27,,True,Hardcoded Seed Data,1,seconds,,,2026-02-27 01:23:44.140147,,2026-02-27 01:23:44.140300
486,1,Any,800T INJ,UO108-011P,SO# 682190 / 682190,5.0,720.0,2026-02-27,,True,Hardcoded Seed Data,1,seconds,,,2026-02-27 01:23:44.140568,,2026-02-27 01:23:44.140662
487,1,Any,800T INJ,UO108-035P,SO# 682210 / 682210,61.9354838709677,58.125,2026-02-27,,True,Hardcoded Seed Data,1,seconds,,,2026-02-27 01:23:44.140864,,2026-02-27 01:23:44.140957
488,1,Any,800T INJ,UO108-030P,SO# 682220 / 682220,5.0,720.0,2026-02-27,,True,Hardcoded Seed Data,1,seconds,,,2026-02-27 01:23:44.141155,,2026-02-27 01:23:44.141265
